M,N,K,Kernel,Threads,PR,PC,SerialTime(s),AvgTime(s),FLOPS,Speedup,Error
1024,1024,3,1,64,2,2,0.005,0.000,1.466176e+10,1.070798e+01,4.596672e-07
1024,1024,3,1,256,2,2,0.005,0.000,1.514111e+10,1.105807e+01,4.596672e-07
1024,1024,3,1,576,2,2,0.005,0.000,1.368230e+10,9.992649e+00,4.596672e-07
1024,1024,3,1,1024,2,2,0.005,0.000,1.358249e+10,9.919754e+00,4.596672e-07
1024,1024,6,1,64,2,2,0.005,0.000,2.919536e+10,1.071202e+01,4.603775e-07
1024,1024,6,1,256,2,2,0.005,0.000,3.019104e+10,1.107735e+01,4.603775e-07
1024,1024,6,1,576,2,2,0.005,0.000,2.967356e+10,1.088748e+01,4.603775e-07
1024,1024,6,1,1024,2,2,0.005,0.000,2.517430e+10,9.236665e+00,4.603775e-07
1024,1024,8,1,64,2,2,0.004,0.000,3.897855e+10,9.017622e+00,4.645238e-07
1024,1024,8,1,256,2,2,0.004,0.000,3.851556e+10,8.910510e+00,4.645238e-07
1024,1024,8,1,576,2,2,0.004,0.000,3.795166e+10,8.780054e+00,4.645238e-07
1024,1024,8,1,1024,2,2,0.004,0.000,3.479575e+10,8.049939e+00,4.645238e-07
1024,1024,20,1,64,2,2,0.006,0.000,9.065206e+10,1.316761e+01,4.517941e-07
1024,1024,20,1,256,2,2,0.006,0.000,9.197930e+10,1.336040e+01,4.517941e-07
1024,1024,20,1,576,2,2,0.006,0.000,9.391887e+10,1.364213e+01,4.517941e-07
1024,1024,20,1,1024,2,2,0.006,0.001,8.371343e+10,1.215975e+01,4.517941e-07
1024,1024,32,1,64,2,2,0.008,0.001,1.340768e+11,1.636498e+01,4.562109e-07
1024,1024,32,1,256,2,2,0.008,0.000,1.412401e+11,1.723932e+01,4.562109e-07
1024,1024,32,1,576,2,2,0.008,0.000,1.381909e+11,1.686714e+01,4.562109e-07
1024,1024,32,1,1024,2,2,0.008,0.001,1.294785e+11,1.580372e+01,4.562109e-07
2048,2048,3,1,64,2,2,0.016,0.001,4.625802e+10,2.867457e+01,6.374970e-07
2048,2048,3,1,256,2,2,0.016,0.001,4.257489e+10,2.639146e+01,6.374970e-07
2048,2048,3,1,576,2,2,0.016,0.001,4.205354e+10,2.606829e+01,6.374970e-07
2048,2048,3,1,1024,2,2,0.016,0.001,3.592989e+10,2.227234e+01,6.374970e-07
2048,2048,6,1,64,2,2,0.018,0.001,9.216708e+10,3.371934e+01,6.368273e-07
2048,2048,6,1,256,2,2,0.018,0.001,9.062244e+10,3.315423e+01,6.368273e-07
2048,2048,6,1,576,2,2,0.018,0.001,8.918810e+10,3.262948e+01,6.368273e-07
2048,2048,6,1,1024,2,2,0.018,0.001,7.312632e+10,2.675327e+01,6.368273e-07
2048,2048,8,1,64,2,2,0.016,0.001,1.282321e+11,2.963992e+01,6.428184e-07
2048,2048,8,1,256,2,2,0.016,0.001,1.170582e+11,2.705717e+01,6.428184e-07
2048,2048,8,1,576,2,2,0.016,0.001,1.117755e+11,2.583610e+01,6.428184e-07
2048,2048,8,1,1024,2,2,0.016,0.001,1.002162e+11,2.316426e+01,6.428184e-07
2048,2048,20,1,64,2,2,0.024,0.001,2.401812e+11,3.488255e+01,6.365835e-07
2048,2048,20,1,256,2,2,0.024,0.001,2.360675e+11,3.428511e+01,6.365835e-07
2048,2048,20,1,576,2,2,0.024,0.001,2.731633e+11,3.967269e+01,6.365835e-07
2048,2048,20,1,1024,2,2,0.024,0.001,2.363109e+11,3.432046e+01,6.365835e-07
2048,2048,32,1,64,2,2,0.033,0.001,3.265154e+11,4.011495e+01,6.351926e-07
2048,2048,32,1,256,2,2,0.033,0.001,3.876769e+11,4.762911e+01,6.351926e-07
2048,2048,32,1,576,2,2,0.033,0.001,3.181917e+11,3.909232e+01,6.351926e-07
2048,2048,32,1,1024,2,2,0.033,0.001,3.884069e+11,4.771880e+01,6.351926e-07
4096,4096,3,1,64,2,2,0.062,0.001,1.108580e+11,6.852643e+01,8.877693e-07
4096,4096,3,1,256,2,2,0.062,0.001,9.187929e+10,5.679483e+01,8.877693e-07
4096,4096,3,1,576,2,2,0.062,0.001,7.983448e+10,4.934938e+01,8.877693e-07
4096,4096,3,1,1024,2,2,0.062,0.002,6.247464e+10,3.861846e+01,8.877693e-07
4096,4096,6,1,64,2,2,0.074,0.001,2.210339e+11,8.074952e+01,8.912234e-07
4096,4096,6,1,256,2,2,0.074,0.001,1.860459e+11,6.796746e+01,8.912234e-07
4096,4096,6,1,576,2,2,0.074,0.001,1.608018e+11,5.874513e+01,8.912234e-07
4096,4096,6,1,1024,2,2,0.074,0.002,1.225738e+11,4.477943e+01,8.912234e-07
4096,4096,8,1,64,2,2,0.062,0.001,3.010470e+11,6.969469e+01,8.880090e-07
4096,4096,8,1,256,2,2,0.062,0.001,2.405564e+11,5.569065e+01,8.880090e-07
4096,4096,8,1,576,2,2,0.062,0.001,2.117582e+11,4.902365e+01,8.880090e-07
4096,4096,8,1,1024,2,2,0.062,0.002,1.620140e+11,3.750749e+01,8.880090e-07
4096,4096,20,1,64,2,2,0.097,0.002,3.814530e+11,5.516506e+01,8.927205e-07
4096,4096,20,1,256,2,2,0.097,0.002,3.833698e+11,5.544226e+01,8.927205e-07
4096,4096,20,1,576,2,2,0.097,0.001,4.881812e+11,7.059990e+01,8.927205e-07
4096,4096,20,1,1024,2,2,0.097,0.002,3.953414e+11,5.717357e+01,8.927205e-07
4096,4096,32,1,64,2,2,0.131,0.002,4.709159e+11,5.758043e+01,8.947326e-07
4096,4096,32,1,256,2,2,0.131,0.002,6.099199e+11,7.457691e+01,8.947326e-07
4096,4096,32,1,576,2,2,0.131,0.002,4.881485e+11,5.968751e+01,8.947326e-07
4096,4096,32,1,1024,2,2,0.131,0.002,6.374444e+11,7.794242e+01,8.947326e-07
8192,8192,3,1,64,2,2,0.249,0.002,1.675982e+11,1.038291e+02,1.254414e-06
8192,8192,3,1,256,2,2,0.249,0.003,1.237618e+11,7.667197e+01,1.254414e-06
8192,8192,3,1,576,2,2,0.249,0.004,1.049522e+11,6.501918e+01,1.254414e-06
8192,8192,3,1,1024,2,2,0.249,0.004,9.394257e+10,5.819857e+01,1.254414e-06
8192,8192,6,1,64,2,2,0.295,0.002,3.369366e+11,1.233812e+02,1.255282e-06
8192,8192,6,1,256,2,2,0.295,0.003,2.458312e+11,9.001977e+01,1.255282e-06
8192,8192,6,1,576,2,2,0.295,0.004,2.101919e+11,7.696920e+01,1.255282e-06
8192,8192,6,1,1024,2,2,0.295,0.004,1.866327e+11,6.834217e+01,1.255282e-06
8192,8192,8,1,64,2,2,0.248,0.002,4.467917e+11,1.032088e+02,1.259074e-06
8192,8192,8,1,256,2,2,0.248,0.003,3.316090e+11,7.660160e+01,1.259074e-06
8192,8192,8,1,576,2,2,0.248,0.004,2.809112e+11,6.489043e+01,1.259074e-06
8192,8192,8,1,1024,2,2,0.248,0.004,2.470075e+11,5.705869e+01,1.259074e-06
8192,8192,20,1,64,2,2,0.388,0.006,4.512947e+11,6.514934e+01,1.258713e-06
8192,8192,20,1,256,2,2,0.388,0.005,4.887988e+11,7.056347e+01,1.258713e-06
8192,8192,20,1,576,2,2,0.388,0.004,6.137002e+11,8.859436e+01,1.258713e-06
8192,8192,20,1,1024,2,2,0.388,0.004,6.130106e+11,8.849481e+01,1.258713e-06
8192,8192,32,1,64,2,2,0.510,0.008,5.394877e+11,6.402546e+01,1.258569e-06
8192,8192,32,1,256,2,2,0.510,0.006,7.753285e+11,9.201464e+01,1.258569e-06
8192,8192,32,1,576,2,2,0.510,0.008,5.620286e+11,6.670058e+01,1.258569e-06
8192,8192,32,1,1024,2,2,0.510,0.004,9.746293e+11,1.156673e+02,1.258569e-06
16384,16384,3,1,64,2,2,0.998,0.009,1.872517e+11,1.160189e+02,1.768317e-06
16384,16384,3,1,256,2,2,0.998,0.012,1.361217e+11,8.433937e+01,1.768317e-06
16384,16384,3,1,576,2,2,0.998,0.015,1.065935e+11,6.604406e+01,1.768317e-06
16384,16384,3,1,1024,2,2,0.998,0.017,9.502806e+10,5.887825e+01,1.768317e-06
16384,16384,6,1,64,2,2,1.179,0.009,3.760534e+11,1.376799e+02,1.778713e-06
16384,16384,6,1,256,2,2,1.179,0.012,2.734604e+11,1.001188e+02,1.778713e-06
16384,16384,6,1,576,2,2,1.179,0.015,2.137821e+11,7.826945e+01,1.778713e-06
16384,16384,6,1,1024,2,2,1.179,0.017,1.886208e+11,6.905746e+01,1.778713e-06
16384,16384,8,1,64,2,2,0.992,0.009,4.999385e+11,1.154523e+02,1.771734e-06
16384,16384,8,1,256,2,2,0.992,0.012,3.658591e+11,8.448897e+01,1.771734e-06
16384,16384,8,1,576,2,2,0.992,0.015,2.857522e+11,6.598964e+01,1.771734e-06
16384,16384,8,1,1024,2,2,0.992,0.017,2.511683e+11,5.800307e+01,1.771734e-06
16384,16384,20,1,64,2,2,1.517,0.025,4.333721e+11,6.124519e+01,1.775404e-06
16384,16384,20,1,256,2,2,1.517,0.022,4.784532e+11,6.761616e+01,1.775404e-06
16384,16384,20,1,576,2,2,1.517,0.017,6.211961e+11,8.778893e+01,1.775404e-06
16384,16384,20,1,1024,2,2,1.517,0.017,6.149432e+11,8.690526e+01,1.775404e-06
16384,16384,32,1,64,2,2,2.102,0.033,5.265149e+11,6.441725e+01,1.776930e-06
16384,16384,32,1,256,2,2,2.102,0.022,7.656408e+11,9.367346e+01,1.776930e-06
16384,16384,32,1,576,2,2,2.102,0.030,5.800188e+11,7.096326e+01,1.776930e-06
16384,16384,32,1,1024,2,2,2.102,0.017,9.828178e+11,1.202443e+02,1.776930e-06
1024,1024,3,2,64,2,2,0.004,0.000,1.335164e+10,8.273514e+00,4.596672e-07
1024,1024,3,2,256,2,2,0.004,0.000,1.432773e+10,8.878361e+00,4.596672e-07
1024,1024,3,2,576,2,2,0.004,0.000,1.334229e+10,8.267724e+00,4.596672e-07
1024,1024,3,2,1024,2,2,0.004,0.000,1.289220e+10,7.988816e+00,4.596672e-07
1024,1024,6,2,64,2,2,0.005,0.000,2.899104e+10,1.186489e+01,4.603775e-07
1024,1024,6,2,256,2,2,0.005,0.000,2.989326e+10,1.223413e+01,4.603775e-07
1024,1024,6,2,576,2,2,0.005,0.000,2.668691e+10,1.092190e+01,4.603775e-07
1024,1024,6,2,1024,2,2,0.005,0.001,2.487522e+10,1.018044e+01,4.603775e-07
1024,1024,8,2,64,2,2,0.004,0.000,3.545560e+10,8.366654e+00,4.645238e-07
1024,1024,8,2,256,2,2,0.004,0.000,3.652472e+10,8.618940e+00,4.645238e-07
1024,1024,8,2,576,2,2,0.004,0.000,3.417732e+10,8.065010e+00,4.645238e-07
1024,1024,8,2,1024,2,2,0.004,0.001,3.082794e+10,7.274637e+00,4.645238e-07
1024,1024,20,2,64,2,2,0.006,0.000,9.037652e+10,1.329255e+01,4.517941e-07
1024,1024,20,2,256,2,2,0.006,0.000,9.059328e+10,1.332443e+01,4.517941e-07
1024,1024,20,2,576,2,2,0.006,0.000,8.869986e+10,1.304594e+01,4.517941e-07
1024,1024,20,2,1024,2,2,0.006,0.001,7.964958e+10,1.171483e+01,4.517941e-07
1024,1024,32,2,64,2,2,0.008,0.000,1.371955e+11,1.675359e+01,4.562109e-07
1024,1024,32,2,256,2,2,0.008,0.000,1.446534e+11,1.766431e+01,4.562109e-07
1024,1024,32,2,576,2,2,0.008,0.000,1.361385e+11,1.662451e+01,4.562109e-07
1024,1024,32,2,1024,2,2,0.008,0.001,1.229641e+11,1.501573e+01,4.562109e-07
2048,2048,3,2,64,2,2,0.016,0.001,4.362066e+10,2.697711e+01,6.374970e-07
2048,2048,3,2,256,2,2,0.016,0.001,4.215659e+10,2.607166e+01,6.374970e-07
2048,2048,3,2,576,2,2,0.016,0.001,4.050121e+10,2.504789e+01,6.374970e-07
2048,2048,3,2,1024,2,2,0.016,0.001,3.454719e+10,2.136564e+01,6.374970e-07
2048,2048,6,2,64,2,2,0.018,0.001,8.424062e+10,3.092962e+01,6.368273e-07
2048,2048,6,2,256,2,2,0.018,0.001,8.421018e+10,3.091844e+01,6.368273e-07
2048,2048,6,2,576,2,2,0.018,0.001,8.087596e+10,2.969426e+01,6.368273e-07
2048,2048,6,2,1024,2,2,0.018,0.001,6.907484e+10,2.536138e+01,6.368273e-07
2048,2048,8,2,64,2,2,0.016,0.001,1.121228e+11,2.597666e+01,6.428184e-07
2048,2048,8,2,256,2,2,0.016,0.001,1.121933e+11,2.599300e+01,6.428184e-07
2048,2048,8,2,576,2,2,0.016,0.001,1.111561e+11,2.575270e+01,6.428184e-07
2048,2048,8,2,1024,2,2,0.016,0.001,9.210639e+10,2.133925e+01,6.428184e-07
2048,2048,20,2,64,2,2,0.024,0.001,2.511468e+11,3.521606e+01,6.365835e-07
2048,2048,20,2,256,2,2,0.024,0.001,2.432904e+11,3.411443e+01,6.365835e-07
2048,2048,20,2,576,2,2,0.024,0.001,2.695542e+11,3.779718e+01,6.365835e-07
2048,2048,20,2,1024,2,2,0.024,0.001,2.300619e+11,3.225952e+01,6.365835e-07
2048,2048,32,2,64,2,2,0.033,0.001,3.462256e+11,4.243902e+01,6.351926e-07
2048,2048,32,2,256,2,2,0.033,0.001,3.992623e+11,4.894005e+01,6.351926e-07
2048,2048,32,2,576,2,2,0.033,0.001,3.112236e+11,3.814861e+01,6.351926e-07
2048,2048,32,2,1024,2,2,0.033,0.001,3.771813e+11,4.623345e+01,6.351926e-07
4096,4096,3,2,64,2,2,0.062,0.001,1.061724e+11,6.564121e+01,8.877693e-07
4096,4096,3,2,256,2,2,0.062,0.001,1.003248e+11,6.202591e+01,8.877693e-07
4096,4096,3,2,576,2,2,0.062,0.001,7.477061e+10,4.622702e+01,8.877693e-07
4096,4096,3,2,1024,2,2,0.062,0.002,5.768019e+10,3.566085e+01,8.877693e-07
4096,4096,6,2,64,2,2,0.074,0.001,2.326571e+11,8.499356e+01,8.912234e-07
4096,4096,6,2,256,2,2,0.074,0.001,2.006334e+11,7.329476e+01,8.912234e-07
4096,4096,6,2,576,2,2,0.074,0.001,1.494301e+11,5.458931e+01,8.912234e-07
4096,4096,6,2,1024,2,2,0.074,0.002,1.139870e+11,4.164138e+01,8.912234e-07
4096,4096,8,2,64,2,2,0.060,0.001,3.036097e+11,6.740506e+01,8.880090e-07
4096,4096,8,2,256,2,2,0.060,0.001,2.677118e+11,5.943527e+01,8.880090e-07
4096,4096,8,2,576,2,2,0.060,0.001,1.992518e+11,4.423632e+01,8.880090e-07
4096,4096,8,2,1024,2,2,0.060,0.002,1.519749e+11,3.374027e+01,8.880090e-07
4096,4096,20,2,64,2,2,0.094,0.001,4.712176e+11,6.592796e+01,8.927205e-07
4096,4096,20,2,256,2,2,0.094,0.002,4.445545e+11,6.219752e+01,8.927205e-07
4096,4096,20,2,576,2,2,0.094,0.001,4.978204e+11,6.964995e+01,8.927205e-07
4096,4096,20,2,1024,2,2,0.094,0.002,3.792767e+11,5.306453e+01,8.927205e-07
4096,4096,32,2,64,2,2,0.132,0.002,5.740185e+11,7.043361e+01,8.947326e-07
4096,4096,32,2,256,2,2,0.132,0.002,6.979860e+11,8.564474e+01,8.947326e-07
4096,4096,32,2,576,2,2,0.132,0.002,4.647913e+11,5.703114e+01,8.947326e-07
4096,4096,32,2,1024,2,2,0.132,0.002,6.109599e+11,7.496641e+01,8.947326e-07
8192,8192,3,2,64,2,2,0.238,0.002,2.108937e+11,1.248871e+02,1.254414e-06
8192,8192,3,2,256,2,2,0.238,0.003,1.500899e+11,8.888026e+01,1.254414e-06
8192,8192,3,2,576,2,2,0.238,0.004,9.565816e+10,5.664685e+01,1.254414e-06
8192,8192,3,2,1024,2,2,0.238,0.005,8.827892e+10,5.227701e+01,1.254414e-06
8192,8192,6,2,64,2,2,0.280,0.002,4.195323e+11,1.456791e+02,1.255282e-06
8192,8192,6,2,256,2,2,0.280,0.003,2.996295e+11,1.040438e+02,1.255282e-06
8192,8192,6,2,576,2,2,0.280,0.004,1.912827e+11,6.642132e+01,1.255282e-06
8192,8192,6,2,1024,2,2,0.280,0.005,1.765232e+11,6.129620e+01,1.255282e-06
8192,8192,8,2,64,2,2,0.248,0.002,5.585278e+11,1.290417e+02,1.259074e-06
8192,8192,8,2,256,2,2,0.248,0.003,3.990461e+11,9.219522e+01,1.259074e-06
8192,8192,8,2,576,2,2,0.248,0.004,2.549904e+11,5.891274e+01,1.259074e-06
8192,8192,8,2,1024,2,2,0.248,0.005,2.353059e+11,5.436484e+01,1.259074e-06
8192,8192,20,2,64,2,2,0.388,0.004,6.125779e+11,8.865055e+01,1.258713e-06
8192,8192,20,2,256,2,2,0.388,0.004,6.036178e+11,8.735388e+01,1.258713e-06
8192,8192,20,2,576,2,2,0.388,0.004,6.394782e+11,9.254349e+01,1.258713e-06
8192,8192,20,2,1024,2,2,0.388,0.005,5.878809e+11,8.507647e+01,1.258713e-06
8192,8192,32,2,64,2,2,0.531,0.006,6.956180e+11,8.605669e+01,1.258569e-06
8192,8192,32,2,256,2,2,0.531,0.004,9.563320e+11,1.183103e+02,1.258569e-06
8192,8192,32,2,576,2,2,0.531,0.008,5.356870e+11,6.627121e+01,1.258569e-06
8192,8192,32,2,1024,2,2,0.531,0.005,9.376147e+11,1.159947e+02,1.258569e-06
16384,16384,3,2,64,2,2,0.996,0.008,2.026307e+11,1.252807e+02,1.768317e-06
16384,16384,3,2,256,2,2,0.996,0.010,1.673748e+11,1.034830e+02,1.768317e-06
16384,16384,3,2,576,2,2,0.996,0.016,9.834576e+10,6.080433e+01,1.768317e-06
16384,16384,3,2,1024,2,2,0.996,0.019,8.663227e+10,5.356222e+01,1.768317e-06
16384,16384,6,2,64,2,2,1.180,0.008,4.036421e+11,1.478267e+02,1.778713e-06
16384,16384,6,2,256,2,2,1.180,0.010,3.317369e+11,1.214927e+02,1.778713e-06
16384,16384,6,2,576,2,2,1.180,0.016,1.966290e+11,7.201186e+01,1.778713e-06
16384,16384,6,2,1024,2,2,1.180,0.019,1.731864e+11,6.342642e+01,1.778713e-06
16384,16384,8,2,64,2,2,0.992,0.008,5.395123e+11,1.245501e+02,1.771734e-06
16384,16384,8,2,256,2,2,0.992,0.010,4.463949e+11,1.030533e+02,1.771734e-06
16384,16384,8,2,576,2,2,0.992,0.016,2.622408e+11,6.054008e+01,1.771734e-06
16384,16384,8,2,1024,2,2,0.992,0.019,2.311767e+11,5.336873e+01,1.771734e-06
16384,16384,20,2,64,2,2,1.562,0.017,6.283403e+11,9.138445e+01,1.775404e-06
16384,16384,20,2,256,2,2,1.562,0.017,6.250414e+11,9.090467e+01,1.775404e-06
16384,16384,20,2,576,2,2,1.562,0.016,6.551923e+11,9.528975e+01,1.775404e-06
16384,16384,20,2,1024,2,2,1.562,0.019,5.780176e+11,8.406563e+01,1.775404e-06
16384,16384,32,2,64,2,2,2.108,0.025,6.985274e+11,8.570399e+01,1.776930e-06
16384,16384,32,2,256,2,2,2.108,0.017,9.926447e+11,1.217899e+02,1.776930e-06
16384,16384,32,2,576,2,2,2.108,0.031,5.518440e+11,6.770706e+01,1.776930e-06
16384,16384,32,2,1024,2,2,2.108,0.019,9.193869e+11,1.128018e+02,1.776930e-06
1024,1024,3,3,64,2,2,0.004,0.001,8.912757e+09,5.513579e+00,4.596672e-07
1024,1024,3,3,256,2,2,0.004,0.001,6.994518e+09,4.326925e+00,4.596672e-07
1024,1024,3,3,576,2,2,0.004,0.001,4.605281e+09,2.848904e+00,4.596672e-07
1024,1024,3,3,1024,2,2,0.004,0.001,4.599650e+09,2.845420e+00,4.596672e-07
1024,1024,6,3,64,2,2,0.005,0.001,1.374801e+10,5.032791e+00,4.603775e-07
1024,1024,6,3,256,2,2,0.005,0.001,1.088753e+10,3.985643e+00,4.603775e-07
1024,1024,6,3,576,2,2,0.005,0.002,7.186038e+09,2.630623e+00,4.603775e-07
1024,1024,6,3,1024,2,2,0.005,0.002,7.197210e+09,2.634712e+00,4.603775e-07
1024,1024,8,3,64,2,2,0.004,0.001,1.778309e+10,4.120145e+00,4.645238e-07
1024,1024,8,3,256,2,2,0.004,0.001,1.425063e+10,3.301713e+00,4.645238e-07
1024,1024,8,3,576,2,2,0.004,0.002,8.681929e+09,2.011507e+00,4.645238e-07
1024,1024,8,3,1024,2,2,0.004,0.002,8.587421e+09,1.989610e+00,4.645238e-07
1024,1024,20,3,64,2,2,0.010,0.002,2.380821e+10,5.437193e+00,4.517941e-07
1024,1024,20,3,256,2,2,0.010,0.002,1.978568e+10,4.518547e+00,4.517941e-07
1024,1024,20,3,576,2,2,0.010,0.003,1.225902e+10,2.799650e+00,4.517941e-07
1024,1024,20,3,1024,2,2,0.010,0.003,1.225403e+10,2.798509e+00,4.517941e-07
1024,1024,32,3,64,2,2,0.008,0.003,2.575079e+10,3.140025e+00,4.562109e-07
1024,1024,32,3,256,2,2,0.008,0.003,2.106826e+10,2.569043e+00,4.562109e-07
1024,1024,32,3,576,2,2,0.008,0.005,1.391783e+10,1.697127e+00,4.562109e-07
1024,1024,32,3,1024,2,2,0.008,0.005,1.399745e+10,1.706835e+00,4.562109e-07
2048,2048,3,3,64,2,2,0.016,0.001,2.389752e+10,1.478990e+01,6.374970e-07
2048,2048,3,3,256,2,2,0.016,0.001,1.757799e+10,1.087882e+01,6.374970e-07
2048,2048,3,3,576,2,2,0.016,0.003,9.146975e+09,5.660957e+00,6.374970e-07
2048,2048,3,3,1024,2,2,0.016,0.005,5.048107e+09,3.124215e+00,6.374970e-07
2048,2048,6,3,64,2,2,0.018,0.002,3.293845e+10,1.204128e+01,6.368273e-07
2048,2048,6,3,256,2,2,0.018,0.002,2.443522e+10,8.932759e+00,6.368273e-07
2048,2048,6,3,576,2,2,0.018,0.004,1.422736e+10,5.201082e+00,6.368273e-07
2048,2048,6,3,1024,2,2,0.018,0.006,7.776241e+09,2.842753e+00,6.368273e-07
2048,2048,8,3,64,2,2,0.016,0.002,4.128016e+10,9.568939e+00,6.428184e-07
2048,2048,8,3,256,2,2,0.016,0.002,3.257851e+10,7.551855e+00,6.428184e-07
2048,2048,8,3,576,2,2,0.016,0.004,1.710426e+10,3.964850e+00,6.428184e-07
2048,2048,8,3,1024,2,2,0.016,0.007,9.410233e+09,2.181337e+00,6.428184e-07
2048,2048,20,3,64,2,2,0.024,0.003,5.325895e+10,7.721813e+00,6.365835e-07
2048,2048,20,3,256,2,2,0.024,0.004,4.176738e+10,6.055694e+00,6.365835e-07
2048,2048,20,3,576,2,2,0.024,0.007,2.376458e+10,3.445536e+00,6.365835e-07
2048,2048,20,3,1024,2,2,0.024,0.013,1.304052e+10,1.890696e+00,6.365835e-07
2048,2048,32,3,64,2,2,0.033,0.005,5.758769e+10,7.023995e+00,6.351926e-07
2048,2048,32,3,256,2,2,0.033,0.006,4.327212e+10,5.277919e+00,6.351926e-07
2048,2048,32,3,576,2,2,0.033,0.011,2.539897e+10,3.097924e+00,6.351926e-07
2048,2048,32,3,1024,2,2,0.033,0.019,1.430970e+10,1.745360e+00,6.351926e-07
4096,4096,3,3,64,2,2,0.059,0.002,5.538266e+10,3.260376e+01,8.877693e-07
4096,4096,3,3,256,2,2,0.059,0.002,4.041801e+10,2.379407e+01,8.877693e-07
4096,4096,3,3,576,2,2,0.059,0.005,1.956039e+10,1.151520e+01,8.877693e-07
4096,4096,3,3,1024,2,2,0.059,0.010,9.984808e+09,5.878054e+00,8.877693e-07
4096,4096,6,3,64,2,2,0.074,0.003,7.578131e+10,2.768886e+01,8.912234e-07
4096,4096,6,3,256,2,2,0.074,0.004,5.266352e+10,1.924212e+01,8.912234e-07
4096,4096,6,3,576,2,2,0.074,0.007,2.961675e+10,1.082132e+01,8.912234e-07
4096,4096,6,3,1024,2,2,0.074,0.013,1.533435e+10,5.602840e+00,8.912234e-07
4096,4096,8,3,64,2,2,0.062,0.003,9.605388e+10,2.221064e+01,8.880090e-07
4096,4096,8,3,256,2,2,0.062,0.004,7.177071e+10,1.659562e+01,8.880090e-07
4096,4096,8,3,576,2,2,0.062,0.007,3.579301e+10,8.276456e+00,8.880090e-07
4096,4096,8,3,1024,2,2,0.062,0.014,1.860160e+10,4.301269e+00,8.880090e-07
4096,4096,20,3,64,2,2,0.097,0.006,1.150256e+11,1.663415e+01,8.927205e-07
4096,4096,20,3,256,2,2,0.097,0.008,8.738313e+10,1.263671e+01,8.927205e-07
4096,4096,20,3,576,2,2,0.097,0.014,4.684176e+10,6.773912e+00,8.927205e-07
4096,4096,20,3,1024,2,2,0.097,0.025,2.645418e+10,3.825609e+00,8.927205e-07
4096,4096,32,3,64,2,2,0.131,0.009,1.153723e+11,1.412572e+01,8.947326e-07
4096,4096,32,3,256,2,2,0.131,0.012,8.635878e+10,1.057342e+01,8.947326e-07
4096,4096,32,3,576,2,2,0.131,0.021,5.159270e+10,6.316799e+00,8.947326e-07
4096,4096,32,3,1024,2,2,0.131,0.037,2.897893e+10,3.548062e+00,8.947326e-07
8192,8192,3,3,64,2,2,0.249,0.004,1.007696e+11,6.236728e+01,1.254414e-06
8192,8192,3,3,256,2,2,0.249,0.005,8.581832e+10,5.311381e+01,1.254414e-06
8192,8192,3,3,576,2,2,0.249,0.010,3.848951e+10,2.382154e+01,1.254414e-06
8192,8192,3,3,1024,2,2,0.249,0.020,1.997938e+10,1.236543e+01,1.254414e-06
8192,8192,6,3,64,2,2,0.295,0.006,1.414235e+11,5.171897e+01,1.255282e-06
8192,8192,6,3,256,2,2,0.295,0.007,1.083451e+11,3.962208e+01,1.255282e-06
8192,8192,6,3,576,2,2,0.295,0.014,5.765864e+10,2.108592e+01,1.255282e-06
8192,8192,6,3,1024,2,2,0.295,0.026,3.078661e+10,1.125875e+01,1.255282e-06
8192,8192,8,3,64,2,2,0.249,0.006,1.774741e+11,4.108567e+01,1.259074e-06
8192,8192,8,3,256,2,2,0.249,0.007,1.481868e+11,3.430560e+01,1.259074e-06
8192,8192,8,3,576,2,2,0.249,0.015,7.066493e+10,1.635910e+01,1.259074e-06
8192,8192,8,3,1024,2,2,0.249,0.029,3.677886e+10,8.514391e+00,1.259074e-06
8192,8192,20,3,64,2,2,0.388,0.013,2.136429e+11,3.085231e+01,1.258713e-06
8192,8192,20,3,256,2,2,0.388,0.016,1.707519e+11,2.465840e+01,1.258713e-06
8192,8192,20,3,576,2,2,0.388,0.029,9.234114e+10,1.333505e+01,1.258713e-06
8192,8192,20,3,1024,2,2,0.388,0.051,5.241994e+10,7.569999e+00,1.258713e-06
8192,8192,32,3,64,2,2,0.528,0.019,2.221380e+11,2.732718e+01,1.258569e-06
8192,8192,32,3,256,2,2,0.528,0.024,1.760450e+11,2.165687e+01,1.258569e-06
8192,8192,32,3,576,2,2,0.528,0.042,1.018382e+11,1.252803e+01,1.258569e-06
8192,8192,32,3,1024,2,2,0.528,0.074,5.788706e+10,7.121205e+00,1.258569e-06
16384,16384,3,3,64,2,2,0.996,0.011,1.414811e+11,8.750184e+01,1.768317e-06
16384,16384,3,3,256,2,2,0.996,0.014,1.163494e+11,7.195864e+01,1.768317e-06
16384,16384,3,3,576,2,2,0.996,0.021,7.608264e+10,4.705485e+01,1.768317e-06
16384,16384,3,3,1024,2,2,0.996,0.040,3.995710e+10,2.471228e+01,1.768317e-06
16384,16384,6,3,64,2,2,1.126,0.018,1.778344e+11,6.214606e+01,1.778713e-06
16384,16384,6,3,256,2,2,1.126,0.021,1.547800e+11,5.408946e+01,1.778713e-06
16384,16384,6,3,576,2,2,1.126,0.028,1.132965e+11,3.959262e+01,1.778713e-06
16384,16384,6,3,1024,2,2,1.126,0.053,6.044280e+10,2.112235e+01,1.778713e-06
16384,16384,8,3,64,2,2,0.993,0.017,2.470087e+11,5.711689e+01,1.771734e-06
16384,16384,8,3,256,2,2,0.993,0.021,2.087865e+11,4.827861e+01,1.771734e-06
16384,16384,8,3,576,2,2,0.993,0.031,1.390686e+11,3.215745e+01,1.771734e-06
16384,16384,8,3,1024,2,2,0.993,0.058,7.360694e+10,1.702046e+01,1.771734e-06
16384,16384,20,3,64,2,2,1.465,0.037,2.912041e+11,3.972333e+01,1.775404e-06
16384,16384,20,3,256,2,2,1.465,0.038,2.860364e+11,3.901839e+01,1.775404e-06
16384,16384,20,3,576,2,2,1.465,0.059,1.821959e+11,2.485345e+01,1.775404e-06
16384,16384,20,3,1024,2,2,1.465,0.103,1.037874e+11,1.415770e+01,1.775404e-06
16384,16384,32,3,64,2,2,2.196,0.055,3.109356e+11,3.975050e+01,1.776930e-06
16384,16384,32,3,256,2,2,2.196,0.058,2.967361e+11,3.793521e+01,1.776930e-06
16384,16384,32,3,576,2,2,2.196,0.089,1.929315e+11,2.466467e+01,1.776930e-06
16384,16384,32,3,1024,2,2,2.196,0.153,1.126366e+11,1.439965e+01,1.776930e-06
1024,1024,3,4,64,2,2,0.004,0.001,8.950733e+09,5.538047e+00,4.596672e-07
1024,1024,3,4,256,2,2,0.004,0.001,7.049628e+09,4.361784e+00,4.596672e-07
1024,1024,3,4,576,2,2,0.004,0.001,4.742906e+09,2.934557e+00,4.596672e-07
1024,1024,3,4,1024,2,2,0.004,0.001,4.590127e+09,2.840029e+00,4.596672e-07
1024,1024,6,4,64,2,2,0.005,0.001,1.571352e+10,5.749716e+00,4.603775e-07
1024,1024,6,4,256,2,2,0.005,0.001,1.252498e+10,4.583000e+00,4.603775e-07
1024,1024,6,4,576,2,2,0.005,0.002,7.568245e+09,2.769288e+00,4.603775e-07
1024,1024,6,4,1024,2,2,0.005,0.002,7.560863e+09,2.766587e+00,4.603775e-07
1024,1024,8,4,64,2,2,0.004,0.001,2.335953e+10,5.404156e+00,4.645238e-07
1024,1024,8,4,256,2,2,0.004,0.001,1.593090e+10,3.685565e+00,4.645238e-07
1024,1024,8,4,576,2,2,0.004,0.002,8.838496e+09,2.044759e+00,4.645238e-07
1024,1024,8,4,1024,2,2,0.004,0.002,8.931051e+09,2.066171e+00,4.645238e-07
1024,1024,20,4,64,2,2,0.006,0.001,3.904883e+10,5.604357e+00,4.517941e-07
1024,1024,20,4,256,2,2,0.006,0.002,2.244078e+10,3.220740e+00,4.517941e-07
1024,1024,20,4,576,2,2,0.006,0.003,1.318867e+10,1.892861e+00,4.517941e-07
1024,1024,20,4,1024,2,2,0.006,0.003,1.341728e+10,1.925672e+00,4.517941e-07
1024,1024,32,4,64,2,2,0.008,0.001,4.924923e+10,5.980215e+00,4.562109e-07
1024,1024,32,4,256,2,2,0.008,0.003,2.564297e+10,3.113764e+00,4.562109e-07
1024,1024,32,4,576,2,2,0.008,0.004,1.518015e+10,1.843289e+00,4.562109e-07
1024,1024,32,4,1024,2,2,0.008,0.004,1.514814e+10,1.839402e+00,4.562109e-07
2048,2048,3,4,64,2,2,0.015,0.001,2.323960e+10,1.430375e+01,6.374970e-07
2048,2048,3,4,256,2,2,0.015,0.002,1.625726e+10,1.000619e+01,6.374970e-07
2048,2048,3,4,576,2,2,0.015,0.003,9.258004e+09,5.698212e+00,6.374970e-07
2048,2048,3,4,1024,2,2,0.015,0.005,5.038800e+09,3.101332e+00,6.374970e-07
2048,2048,6,4,64,2,2,0.018,0.001,4.059262e+10,1.483998e+01,6.368273e-07
2048,2048,6,4,256,2,2,0.018,0.002,2.580385e+10,9.433451e+00,6.368273e-07
2048,2048,6,4,576,2,2,0.018,0.003,1.479501e+10,5.408805e+00,6.368273e-07
2048,2048,6,4,1024,2,2,0.018,0.006,8.013959e+09,2.929768e+00,6.368273e-07
2048,2048,8,4,64,2,2,0.016,0.001,6.044173e+10,1.397106e+01,6.428184e-07
2048,2048,8,4,256,2,2,0.016,0.002,3.335946e+10,7.711015e+00,6.428184e-07
2048,2048,8,4,576,2,2,0.016,0.004,1.686959e+10,3.899393e+00,6.428184e-07
2048,2048,8,4,1024,2,2,0.016,0.007,9.681375e+09,2.237843e+00,6.428184e-07
2048,2048,20,4,64,2,2,0.024,0.002,9.425292e+10,1.356432e+01,6.365835e-07
2048,2048,20,4,256,2,2,0.024,0.004,4.650035e+10,6.692052e+00,6.365835e-07
2048,2048,20,4,576,2,2,0.024,0.007,2.507714e+10,3.608952e+00,6.365835e-07
2048,2048,20,4,1024,2,2,0.024,0.012,1.383049e+10,1.990401e+00,6.365835e-07
2048,2048,32,4,64,2,2,0.033,0.002,1.157990e+11,1.414766e+01,6.351926e-07
2048,2048,32,4,256,2,2,0.033,0.005,5.386374e+10,6.580762e+00,6.351926e-07
2048,2048,32,4,576,2,2,0.033,0.010,2.711892e+10,3.313234e+00,6.351926e-07
2048,2048,32,4,1024,2,2,0.033,0.017,1.587925e+10,1.940035e+00,6.351926e-07
4096,4096,3,4,64,2,2,0.062,0.002,5.389885e+10,3.335273e+01,8.877693e-07
4096,4096,3,4,256,2,2,0.062,0.003,3.707600e+10,2.294272e+01,8.877693e-07
4096,4096,3,4,576,2,2,0.062,0.005,1.992559e+10,1.233000e+01,8.877693e-07
4096,4096,3,4,1024,2,2,0.062,0.010,9.952178e+09,6.158431e+00,8.877693e-07
4096,4096,6,4,64,2,2,0.074,0.002,9.517448e+10,3.477809e+01,8.912234e-07
4096,4096,6,4,256,2,2,0.074,0.003,5.766910e+10,2.107310e+01,8.912234e-07
4096,4096,6,4,576,2,2,0.074,0.006,3.120244e+10,1.140181e+01,8.912234e-07
4096,4096,6,4,1024,2,2,0.074,0.013,1.586350e+10,5.796746e+00,8.912234e-07
4096,4096,8,4,64,2,2,0.062,0.002,1.323795e+11,3.056575e+01,8.880090e-07
4096,4096,8,4,256,2,2,0.062,0.004,7.343574e+10,1.695594e+01,8.880090e-07
4096,4096,8,4,576,2,2,0.062,0.007,3.626563e+10,8.373550e+00,8.880090e-07
4096,4096,8,4,1024,2,2,0.062,0.014,1.912842e+10,4.416656e+00,8.880090e-07
4096,4096,20,4,64,2,2,0.097,0.003,2.046446e+11,2.951277e+01,8.927205e-07
4096,4096,20,4,256,2,2,0.097,0.007,9.709217e+10,1.400212e+01,8.927205e-07
4096,4096,20,4,576,2,2,0.097,0.014,4.970788e+10,7.168607e+00,8.927205e-07
4096,4096,20,4,1024,2,2,0.097,0.024,2.809727e+10,4.052039e+00,8.927205e-07
4096,4096,32,4,64,2,2,0.131,0.004,2.405389e+11,2.944553e+01,8.947326e-07
4096,4096,32,4,256,2,2,0.131,0.011,1.003702e+11,1.228680e+01,8.947326e-07
4096,4096,32,4,576,2,2,0.131,0.019,5.508567e+10,6.743303e+00,8.947326e-07
4096,4096,32,4,1024,2,2,0.131,0.034,3.166488e+10,3.876251e+00,8.947326e-07
8192,8192,3,4,64,2,2,0.249,0.004,1.048683e+11,6.486884e+01,1.254414e-06
8192,8192,3,4,256,2,2,0.249,0.005,7.966645e+10,4.927963e+01,1.254414e-06
8192,8192,3,4,576,2,2,0.249,0.010,3.837794e+10,2.373962e+01,1.254414e-06
8192,8192,3,4,1024,2,2,0.249,0.020,1.993964e+10,1.233416e+01,1.254414e-06
8192,8192,6,4,64,2,2,0.294,0.005,1.641654e+11,6.002297e+01,1.255282e-06
8192,8192,6,4,256,2,2,0.294,0.007,1.180532e+11,4.316318e+01,1.255282e-06
8192,8192,6,4,576,2,2,0.294,0.013,6.023818e+10,2.202458e+01,1.255282e-06
8192,8192,6,4,1024,2,2,0.294,0.025,3.192339e+10,1.167199e+01,1.255282e-06
8192,8192,8,4,64,2,2,0.248,0.005,2.121406e+11,4.900964e+01,1.259074e-06
8192,8192,8,4,256,2,2,0.248,0.007,1.524482e+11,3.521926e+01,1.259074e-06
8192,8192,8,4,576,2,2,0.248,0.015,7.180625e+10,1.658900e+01,1.259074e-06
8192,8192,8,4,1024,2,2,0.248,0.028,3.780769e+10,8.734499e+00,1.259074e-06
8192,8192,20,4,64,2,2,0.386,0.011,2.485764e+11,3.575239e+01,1.258713e-06
8192,8192,20,4,256,2,2,0.386,0.014,1.886442e+11,2.713243e+01,1.258713e-06
8192,8192,20,4,576,2,2,0.386,0.027,9.831723e+10,1.414083e+01,1.258713e-06
8192,8192,20,4,1024,2,2,0.386,0.048,5.570512e+10,8.011988e+00,1.258713e-06
8192,8192,32,4,64,2,2,0.537,0.020,2.128751e+11,2.659250e+01,1.258569e-06
8192,8192,32,4,256,2,2,0.537,0.021,2.016581e+11,2.519126e+01,1.258569e-06
8192,8192,32,4,576,2,2,0.537,0.039,1.105480e+11,1.380973e+01,1.258569e-06
8192,8192,32,4,1024,2,2,0.537,0.068,6.272379e+10,7.835499e+00,1.258569e-06
16384,16384,3,4,64,2,2,0.996,0.011,1.412529e+11,8.732313e+01,1.768317e-06
16384,16384,3,4,256,2,2,0.996,0.014,1.144495e+11,7.075313e+01,1.768317e-06
16384,16384,3,4,576,2,2,0.996,0.021,7.628556e+10,4.716004e+01,1.768317e-06
16384,16384,3,4,1024,2,2,0.996,0.040,4.065347e+10,2.513214e+01,1.768317e-06
16384,16384,6,4,64,2,2,1.178,0.016,2.039990e+11,7.459483e+01,1.778713e-06
16384,16384,6,4,256,2,2,1.178,0.019,1.664199e+11,6.085356e+01,1.778713e-06
16384,16384,6,4,576,2,2,1.178,0.027,1.183258e+11,4.326732e+01,1.778713e-06
16384,16384,6,4,1024,2,2,1.178,0.051,6.324069e+10,2.312477e+01,1.778713e-06
16384,16384,8,4,64,2,2,0.992,0.016,2.711224e+11,6.261027e+01,1.771734e-06
16384,16384,8,4,256,2,2,0.992,0.020,2.197501e+11,5.074688e+01,1.771734e-06
16384,16384,8,4,576,2,2,0.992,0.031,1.388773e+11,3.207091e+01,1.771734e-06
16384,16384,8,4,1024,2,2,0.992,0.056,7.620181e+10,1.759728e+01,1.771734e-06
16384,16384,20,4,64,2,2,1.559,0.034,3.142418e+11,4.561297e+01,1.775404e-06
16384,16384,20,4,256,2,2,1.559,0.035,3.052480e+11,4.430751e+01,1.775404e-06
16384,16384,20,4,576,2,2,1.559,0.054,1.971763e+11,2.862063e+01,1.775404e-06
16384,16384,20,4,1024,2,2,1.559,0.096,1.115451e+11,1.619105e+01,1.775404e-06
16384,16384,32,4,64,2,2,2.106,0.055,3.110265e+11,3.813223e+01,1.776930e-06
16384,16384,32,4,256,2,2,2.106,0.051,3.345835e+11,4.102034e+01,1.776930e-06
16384,16384,32,4,576,2,2,2.106,0.085,2.017402e+11,2.473359e+01,1.776930e-06
16384,16384,32,4,1024,2,2,2.106,0.140,1.227458e+11,1.504878e+01,1.776930e-06
1024,1024,3,1,64,3,3,0.004,0.001,6.834939e+09,4.377988e+00,4.738982e-07
1024,1024,3,1,256,3,3,0.004,0.001,6.762640e+09,4.331679e+00,4.738982e-07
1024,1024,3,1,576,3,3,0.004,0.001,6.478685e+09,4.149797e+00,4.738982e-07
1024,1024,3,1,1024,3,3,0.004,0.001,5.938238e+09,3.803624e+00,4.738982e-07
1024,1024,6,1,64,3,3,0.005,0.001,1.389221e+10,5.262443e+00,4.641920e-07
1024,1024,6,1,256,3,3,0.005,0.001,1.359177e+10,5.148634e+00,4.641920e-07
1024,1024,6,1,576,3,3,0.005,0.001,1.301683e+10,4.930845e+00,4.641920e-07
1024,1024,6,1,1024,3,3,0.005,0.001,1.191536e+10,4.513602e+00,4.641920e-07
1024,1024,8,1,64,3,3,0.004,0.001,1.850454e+10,4.424902e+00,4.710044e-07
1024,1024,8,1,256,3,3,0.004,0.001,1.805524e+10,4.317462e+00,4.710044e-07
1024,1024,8,1,576,3,3,0.004,0.001,1.764400e+10,4.219124e+00,4.710044e-07
1024,1024,8,1,1024,3,3,0.004,0.001,1.584697e+10,3.789409e+00,4.710044e-07
1024,1024,20,1,64,3,3,0.008,0.001,4.576334e+10,8.307133e+00,4.592148e-07
1024,1024,20,1,256,3,3,0.008,0.001,4.509273e+10,8.185402e+00,4.592148e-07
1024,1024,20,1,576,3,3,0.008,0.001,4.315265e+10,7.833232e+00,4.592148e-07
1024,1024,20,1,1024,3,3,0.008,0.001,3.956109e+10,7.181278e+00,4.592148e-07
1024,1024,32,1,64,3,3,0.009,0.001,7.049219e+10,9.527026e+00,4.628147e-07
1024,1024,32,1,256,3,3,0.009,0.001,7.353550e+10,9.938329e+00,4.628147e-07
1024,1024,32,1,576,3,3,0.009,0.001,6.743732e+10,9.114160e+00,4.628147e-07
1024,1024,32,1,1024,3,3,0.009,0.001,6.320305e+10,8.541898e+00,4.628147e-07
2048,2048,3,1,64,3,3,0.017,0.001,2.481134e+10,1.686489e+01,6.408517e-07
2048,2048,3,1,256,3,3,0.017,0.001,2.417439e+10,1.643194e+01,6.408517e-07
2048,2048,3,1,576,3,3,0.017,0.001,2.200271e+10,1.495580e+01,6.408517e-07
2048,2048,3,1,1024,3,3,0.017,0.001,1.984429e+10,1.348866e+01,6.408517e-07
2048,2048,6,1,64,3,3,0.019,0.001,4.850680e+10,1.814054e+01,6.464749e-07
2048,2048,6,1,256,3,3,0.019,0.001,4.827568e+10,1.805411e+01,6.464749e-07
2048,2048,6,1,576,3,3,0.019,0.001,4.390443e+10,1.641935e+01,6.464749e-07
2048,2048,6,1,1024,3,3,0.019,0.001,3.903940e+10,1.459993e+01,6.464749e-07
2048,2048,8,1,64,3,3,0.017,0.001,6.475942e+10,1.616255e+01,6.482416e-07
2048,2048,8,1,256,3,3,0.017,0.001,6.430123e+10,1.604819e+01,6.482416e-07
2048,2048,8,1,576,3,3,0.017,0.001,5.857911e+10,1.462008e+01,6.482416e-07
2048,2048,8,1,1024,3,3,0.017,0.001,5.209208e+10,1.300105e+01,6.482416e-07
2048,2048,20,1,64,3,3,0.026,0.001,1.434388e+11,2.203789e+01,6.487885e-07
2048,2048,20,1,256,3,3,0.026,0.001,1.475174e+11,2.266453e+01,6.487885e-07
2048,2048,20,1,576,3,3,0.026,0.001,1.423987e+11,2.187810e+01,6.487885e-07
2048,2048,20,1,1024,3,3,0.026,0.001,1.295076e+11,1.989751e+01,6.487885e-07
2048,2048,32,1,64,3,3,0.035,0.001,2.095294e+11,2.709116e+01,6.418919e-07
2048,2048,32,1,256,3,3,0.035,0.001,2.323737e+11,3.004482e+01,6.418919e-07
2048,2048,32,1,576,3,3,0.035,0.001,1.820203e+11,2.353436e+01,6.418919e-07
2048,2048,32,1,1024,3,3,0.035,0.001,2.070804e+11,2.677452e+01,6.418919e-07
4096,4096,3,1,64,3,3,0.064,0.001,7.499277e+10,4.794654e+01,8.962688e-07
4096,4096,3,1,256,3,3,0.064,0.001,6.784648e+10,4.337756e+01,8.962688e-07
4096,4096,3,1,576,3,3,0.064,0.002,4.835914e+10,3.091836e+01,8.962688e-07
4096,4096,3,1,1024,3,3,0.064,0.002,5.468034e+10,3.495981e+01,8.962688e-07
4096,4096,6,1,64,3,3,0.074,0.001,1.501457e+11,5.537340e+01,9.013069e-07
4096,4096,6,1,256,3,3,0.074,0.001,1.350186e+11,4.979456e+01,9.013069e-07
4096,4096,6,1,576,3,3,0.074,0.002,9.631693e+10,3.552146e+01,9.013069e-07
4096,4096,6,1,1024,3,3,0.074,0.002,1.086715e+11,4.007778e+01,9.013069e-07
4096,4096,8,1,64,3,3,0.064,0.001,2.012290e+11,4.769898e+01,9.045466e-07
4096,4096,8,1,256,3,3,0.064,0.001,1.862823e+11,4.415605e+01,9.045466e-07
4096,4096,8,1,576,3,3,0.064,0.002,1.292131e+11,3.062845e+01,9.045466e-07
4096,4096,8,1,1024,3,3,0.064,0.002,1.456297e+11,3.451982e+01,9.045466e-07
4096,4096,20,1,64,3,3,0.100,0.002,3.212024e+11,4.808659e+01,9.059242e-07
4096,4096,20,1,256,3,3,0.100,0.002,3.223748e+11,4.826210e+01,9.059242e-07
4096,4096,20,1,576,3,3,0.100,0.002,3.033622e+11,4.541576e+01,9.059242e-07
4096,4096,20,1,1024,3,3,0.100,0.002,3.610659e+11,5.405447e+01,9.059242e-07
4096,4096,32,1,64,3,3,0.134,0.003,4.240813e+11,5.304966e+01,9.066056e-07
4096,4096,32,1,256,3,3,0.134,0.002,5.150622e+11,6.443074e+01,9.066056e-07
4096,4096,32,1,576,3,3,0.134,0.003,3.910931e+11,4.892306e+01,9.066056e-07
4096,4096,32,1,1024,3,3,0.134,0.002,5.789105e+11,7.241771e+01,9.066056e-07
8192,8192,3,1,64,3,3,0.258,0.003,1.481428e+11,9.488640e+01,1.281222e-06
8192,8192,3,1,256,3,3,0.258,0.003,1.186677e+11,7.600739e+01,1.281222e-06
8192,8192,3,1,576,3,3,0.258,0.005,8.736802e+10,5.595975e+01,1.281222e-06
8192,8192,3,1,1024,3,3,0.258,0.005,8.474773e+10,5.428144e+01,1.281222e-06
8192,8192,6,1,64,3,3,0.305,0.003,2.909740e+11,1.100957e+02,1.277959e-06
8192,8192,6,1,256,3,3,0.305,0.003,2.368532e+11,8.961801e+01,1.277959e-06
8192,8192,6,1,576,3,3,0.305,0.005,1.745973e+11,6.606229e+01,1.277959e-06
8192,8192,6,1,1024,3,3,0.305,0.005,1.676743e+11,6.344281e+01,1.277959e-06
8192,8192,8,1,64,3,3,0.256,0.003,3.886810e+11,9.283245e+01,1.271158e-06
8192,8192,8,1,256,3,3,0.256,0.003,3.154363e+11,7.533871e+01,1.271158e-06
8192,8192,8,1,576,3,3,0.256,0.005,2.323953e+11,5.550521e+01,1.271158e-06
8192,8192,8,1,1024,3,3,0.256,0.005,2.226775e+11,5.318423e+01,1.271158e-06
8192,8192,20,1,64,3,3,0.407,0.006,4.660205e+11,7.059064e+01,1.278351e-06
8192,8192,20,1,256,3,3,0.407,0.006,4.684547e+11,7.095938e+01,1.278351e-06
8192,8192,20,1,576,3,3,0.407,0.005,5.321335e+11,8.060514e+01,1.278351e-06
8192,8192,20,1,1024,3,3,0.407,0.005,5.574803e+11,8.444456e+01,1.278351e-06
8192,8192,32,1,64,3,3,0.551,0.007,5.810928e+11,7.456437e+01,1.276389e-06
8192,8192,32,1,256,3,3,0.551,0.006,7.486116e+11,9.605996e+01,1.276389e-06
8192,8192,32,1,576,3,3,0.551,0.007,5.824732e+11,7.474149e+01,1.276389e-06
8192,8192,32,1,1024,3,3,0.551,0.005,8.937375e+11,1.146821e+02,1.276389e-06
16384,16384,3,1,64,3,3,1.030,0.009,1.839614e+11,1.176308e+02,1.798752e-06
16384,16384,3,1,256,3,3,1.030,0.011,1.528522e+11,9.773853e+01,1.798752e-06
16384,16384,3,1,576,3,3,1.030,0.013,1.211916e+11,7.749377e+01,1.798752e-06
16384,16384,3,1,1024,3,3,1.030,0.017,9.756809e+10,6.238813e+01,1.798752e-06
16384,16384,6,1,64,3,3,1.219,0.009,3.662715e+11,1.386178e+02,1.802866e-06
16384,16384,6,1,256,3,3,1.219,0.011,3.047430e+11,1.153320e+02,1.802866e-06
16384,16384,6,1,576,3,3,1.219,0.013,2.415886e+11,9.143076e+01,1.802866e-06
16384,16384,6,1,1024,3,3,1.219,0.017,1.936250e+11,7.327864e+01,1.802866e-06
16384,16384,8,1,64,3,3,1.026,0.009,4.878311e+11,1.165136e+02,1.798708e-06
16384,16384,8,1,256,3,3,1.026,0.011,4.057832e+11,9.691731e+01,1.798708e-06
16384,16384,8,1,576,3,3,1.026,0.013,3.231441e+11,7.717977e+01,1.798708e-06
16384,16384,8,1,1024,3,3,1.026,0.017,2.579149e+11,6.160043e+01,1.798708e-06
16384,16384,20,1,64,3,3,1.632,0.020,5.387983e+11,8.187931e+01,1.799428e-06
16384,16384,20,1,256,3,3,1.632,0.019,5.655267e+11,8.594114e+01,1.799428e-06
16384,16384,20,1,576,3,3,1.632,0.015,7.230957e+11,1.098864e+02,1.799428e-06
16384,16384,20,1,1024,3,3,1.632,0.017,6.308859e+11,9.587355e+01,1.799428e-06
16384,16384,32,1,64,3,3,2.161,0.027,6.259301e+11,7.871984e+01,1.799955e-06
16384,16384,32,1,256,3,3,2.161,0.020,8.798796e+11,1.106577e+02,1.799955e-06
16384,16384,32,1,576,3,3,2.161,0.028,6.108876e+11,7.682803e+01,1.799955e-06
16384,16384,32,1,1024,3,3,2.161,0.017,1.007329e+12,1.266863e+02,1.799955e-06
1024,1024,3,2,64,3,3,0.004,0.001,6.551038e+09,4.504227e+00,4.738982e-07
1024,1024,3,2,256,3,3,0.004,0.001,6.495491e+09,4.466035e+00,4.738982e-07
1024,1024,3,2,576,3,3,0.004,0.001,6.420076e+09,4.414183e+00,4.738982e-07
1024,1024,3,2,1024,3,3,0.004,0.001,5.718383e+09,3.931727e+00,4.738982e-07
1024,1024,6,2,64,3,3,0.006,0.001,1.258481e+10,6.143901e+00,4.641920e-07
1024,1024,6,2,256,3,3,0.006,0.001,1.293096e+10,6.312887e+00,4.641920e-07
1024,1024,6,2,576,3,3,0.006,0.001,1.233943e+10,6.024105e+00,4.641920e-07
1024,1024,6,2,1024,3,3,0.006,0.001,1.143269e+10,5.581435e+00,4.641920e-07
1024,1024,8,2,64,3,3,0.004,0.001,1.713484e+10,4.119671e+00,4.710044e-07
1024,1024,8,2,256,3,3,0.004,0.001,1.725548e+10,4.148677e+00,4.710044e-07
1024,1024,8,2,576,3,3,0.004,0.001,1.675375e+10,4.028047e+00,4.710044e-07
1024,1024,8,2,1024,3,3,0.004,0.001,1.551461e+10,3.730126e+00,4.710044e-07
1024,1024,20,2,64,3,3,0.007,0.001,4.161102e+10,6.720348e+00,4.592148e-07
1024,1024,20,2,256,3,3,0.007,0.001,4.415069e+10,7.130515e+00,4.592148e-07
1024,1024,20,2,576,3,3,0.007,0.001,4.171955e+10,6.737876e+00,4.592148e-07
1024,1024,20,2,1024,3,3,0.007,0.001,3.932336e+10,6.350883e+00,4.592148e-07
1024,1024,32,2,64,3,3,0.009,0.001,6.740246e+10,8.975242e+00,4.628147e-07
1024,1024,32,2,256,3,3,0.009,0.001,7.045273e+10,9.381414e+00,4.628147e-07
1024,1024,32,2,576,3,3,0.009,0.001,6.692973e+10,8.912295e+00,4.628147e-07
1024,1024,32,2,1024,3,3,0.009,0.001,6.088589e+10,8.107503e+00,4.628147e-07
2048,2048,3,2,64,3,3,0.017,0.001,2.094898e+10,1.389990e+01,6.408517e-07
2048,2048,3,2,256,3,3,0.017,0.001,2.243405e+10,1.488526e+01,6.408517e-07
2048,2048,3,2,576,3,3,0.017,0.001,2.088059e+10,1.385452e+01,6.408517e-07
2048,2048,3,2,1024,3,3,0.017,0.001,1.825368e+10,1.211154e+01,6.408517e-07
2048,2048,6,2,64,3,3,0.020,0.001,4.182057e+10,1.653477e+01,6.464749e-07
2048,2048,6,2,256,3,3,0.020,0.001,4.482606e+10,1.772307e+01,6.464749e-07
2048,2048,6,2,576,3,3,0.020,0.001,4.239753e+10,1.676289e+01,6.464749e-07
2048,2048,6,2,1024,3,3,0.020,0.001,3.644058e+10,1.440767e+01,6.464749e-07
2048,2048,8,2,64,3,3,0.017,0.001,5.580446e+10,1.433817e+01,6.482416e-07
2048,2048,8,2,256,3,3,0.017,0.001,6.084204e+10,1.563251e+01,6.482416e-07
2048,2048,8,2,576,3,3,0.017,0.001,5.567459e+10,1.430481e+01,6.482416e-07
2048,2048,8,2,1024,3,3,0.017,0.001,4.932606e+10,1.267364e+01,6.482416e-07
2048,2048,20,2,64,3,3,0.026,0.001,1.383247e+11,2.139319e+01,6.487885e-07
2048,2048,20,2,256,3,3,0.026,0.001,1.428272e+11,2.208954e+01,6.487885e-07
2048,2048,20,2,576,3,3,0.026,0.001,1.408705e+11,2.178692e+01,6.487885e-07
2048,2048,20,2,1024,3,3,0.026,0.001,1.212905e+11,1.875869e+01,6.487885e-07
2048,2048,32,2,64,3,3,0.034,0.001,2.157168e+11,2.761236e+01,6.418919e-07
2048,2048,32,2,256,3,3,0.034,0.001,2.321271e+11,2.971292e+01,6.418919e-07
2048,2048,32,2,576,3,3,0.034,0.002,1.720411e+11,2.202175e+01,6.418919e-07
2048,2048,32,2,1024,3,3,0.034,0.001,1.967210e+11,2.518084e+01,6.418919e-07
4096,4096,3,2,64,3,3,0.064,0.002,6.252716e+10,4.006357e+01,8.962688e-07
4096,4096,3,2,256,3,3,0.064,0.002,6.594818e+10,4.225555e+01,8.962688e-07
4096,4096,3,2,576,3,3,0.064,0.002,4.485586e+10,2.874088e+01,8.962688e-07
4096,4096,3,2,1024,3,3,0.064,0.002,5.258331e+10,3.369216e+01,8.962688e-07
4096,4096,6,2,64,3,3,0.076,0.002,1.256465e+11,4.748870e+01,9.013069e-07
4096,4096,6,2,256,3,3,0.076,0.002,1.321238e+11,4.993682e+01,9.013069e-07
4096,4096,6,2,576,3,3,0.076,0.002,8.839425e+10,3.340903e+01,9.013069e-07
4096,4096,6,2,1024,3,3,0.076,0.002,1.052718e+11,3.978798e+01,9.013069e-07
4096,4096,8,2,64,3,3,0.063,0.002,1.667853e+11,3.908450e+01,9.045466e-07
4096,4096,8,2,256,3,3,0.063,0.002,1.759394e+11,4.122966e+01,9.045466e-07
4096,4096,8,2,576,3,3,0.063,0.002,1.176908e+11,2.757969e+01,9.045466e-07
4096,4096,8,2,1024,3,3,0.063,0.002,1.400375e+11,3.281642e+01,9.045466e-07
4096,4096,20,2,64,3,3,0.100,0.002,3.406782e+11,5.087573e+01,9.059242e-07
4096,4096,20,2,256,3,3,0.100,0.002,3.292164e+11,4.916406e+01,9.059242e-07
4096,4096,20,2,576,3,3,0.100,0.002,2.941866e+11,4.393283e+01,9.059242e-07
4096,4096,20,2,1024,3,3,0.100,0.002,3.504422e+11,5.233385e+01,9.059242e-07
4096,4096,32,2,64,3,3,0.132,0.002,4.415416e+11,5.442272e+01,9.066056e-07
4096,4096,32,2,256,3,3,0.132,0.002,5.238056e+11,6.456227e+01,9.066056e-07
4096,4096,32,2,576,3,3,0.132,0.003,3.599746e+11,4.436908e+01,9.066056e-07
4096,4096,32,2,1024,3,3,0.132,0.002,5.604685e+11,6.908120e+01,9.066056e-07
8192,8192,3,2,64,3,3,0.259,0.003,1.398772e+11,9.009641e+01,1.281222e-06
8192,8192,3,2,256,3,3,0.259,0.003,1.240364e+11,7.989317e+01,1.281222e-06
8192,8192,3,2,576,3,3,0.259,0.005,7.783518e+10,5.013447e+01,1.281222e-06
8192,8192,3,2,1024,3,3,0.259,0.005,7.907148e+10,5.093078e+01,1.281222e-06
8192,8192,6,2,64,3,3,0.305,0.003,2.784905e+11,1.053357e+02,1.277959e-06
8192,8192,6,2,256,3,3,0.305,0.003,2.480045e+11,9.380476e+01,1.277959e-06
8192,8192,6,2,576,3,3,0.305,0.005,1.557235e+11,5.890059e+01,1.277959e-06
8192,8192,6,2,1024,3,3,0.305,0.005,1.587462e+11,6.004387e+01,1.277959e-06
8192,8192,8,2,64,3,3,0.256,0.003,3.711992e+11,8.866399e+01,1.271158e-06
8192,8192,8,2,256,3,3,0.256,0.003,3.307949e+11,7.901308e+01,1.271158e-06
8192,8192,8,2,576,3,3,0.256,0.005,2.076820e+11,4.960655e+01,1.271158e-06
8192,8192,8,2,1024,3,3,0.256,0.005,2.109375e+11,5.038415e+01,1.271158e-06
8192,8192,20,2,64,3,3,0.403,0.005,5.386901e+11,8.078058e+01,1.278351e-06
8192,8192,20,2,256,3,3,0.403,0.005,5.016586e+11,7.522743e+01,1.278351e-06
8192,8192,20,2,576,3,3,0.403,0.005,5.184366e+11,7.774342e+01,1.278351e-06
8192,8192,20,2,1024,3,3,0.403,0.005,5.285153e+11,7.925480e+01,1.278351e-06
8192,8192,32,2,64,3,3,0.553,0.007,6.288275e+11,8.100711e+01,1.276389e-06
8192,8192,32,2,256,3,3,0.553,0.005,7.870535e+11,1.013902e+02,1.276389e-06
8192,8192,32,2,576,3,3,0.553,0.008,5.318012e+11,6.850794e+01,1.276389e-06
8192,8192,32,2,1024,3,3,0.553,0.005,8.386504e+11,1.080370e+02,1.276389e-06
16384,16384,3,2,64,3,3,1.032,0.008,1.980954e+11,1.269905e+02,1.798752e-06
16384,16384,3,2,256,3,3,1.032,0.010,1.589336e+11,1.018855e+02,1.798752e-06
16384,16384,3,2,576,3,3,1.032,0.015,1.051445e+11,6.740364e+01,1.798752e-06
16384,16384,3,2,1024,3,3,1.032,0.018,9.044545e+10,5.798071e+01,1.798752e-06
16384,16384,6,2,64,3,3,1.218,0.008,3.955067e+11,1.495581e+02,1.802866e-06
16384,16384,6,2,256,3,3,1.218,0.010,3.171942e+11,1.199448e+02,1.802866e-06
16384,16384,6,2,576,3,3,1.218,0.015,2.102929e+11,7.952082e+01,1.802866e-06
16384,16384,6,2,1024,3,3,1.218,0.018,1.820566e+11,6.884347e+01,1.802866e-06
16384,16384,8,2,64,3,3,1.026,0.008,5.253509e+11,1.254399e+02,1.798708e-06
16384,16384,8,2,256,3,3,1.026,0.010,4.229888e+11,1.009986e+02,1.798708e-06
16384,16384,8,2,576,3,3,1.026,0.015,2.804303e+11,6.695936e+01,1.798708e-06
16384,16384,8,2,1024,3,3,1.026,0.018,2.426292e+11,5.793345e+01,1.798708e-06
16384,16384,20,2,64,3,3,1.629,0.017,6.348368e+11,9.628608e+01,1.799428e-06
16384,16384,20,2,256,3,3,1.629,0.018,6.116909e+11,9.277552e+01,1.799428e-06
16384,16384,20,2,576,3,3,1.629,0.015,7.004664e+11,1.062402e+02,1.799428e-06
16384,16384,20,2,1024,3,3,1.629,0.018,6.031872e+11,9.148577e+01,1.799428e-06
16384,16384,32,2,64,3,3,2.247,0.025,6.814783e+11,8.912542e+01,1.799955e-06
16384,16384,32,2,256,3,3,2.247,0.018,9.771906e+11,1.277994e+02,1.799955e-06
16384,16384,32,2,576,3,3,2.247,0.031,5.517746e+11,7.216246e+01,1.799955e-06
16384,16384,32,2,1024,3,3,2.247,0.018,9.646335e+11,1.261572e+02,1.799955e-06
1024,1024,3,3,64,3,3,0.004,0.002,3.674396e+09,2.526611e+00,4.738982e-07
1024,1024,3,3,256,3,3,0.004,0.002,3.478179e+09,2.391687e+00,4.738982e-07
1024,1024,3,3,576,3,3,0.004,0.002,3.285789e+09,2.259394e+00,4.738982e-07
1024,1024,3,3,1024,3,3,0.004,0.002,3.304345e+09,2.272154e+00,4.738982e-07
1024,1024,6,3,64,3,3,0.005,0.002,6.670565e+09,2.644139e+00,4.641920e-07
1024,1024,6,3,256,3,3,0.005,0.002,5.741944e+09,2.276044e+00,4.641920e-07
1024,1024,6,3,576,3,3,0.005,0.002,5.136469e+09,2.036040e+00,4.641920e-07
1024,1024,6,3,1024,3,3,0.005,0.002,5.081454e+09,2.014232e+00,4.641920e-07
1024,1024,8,3,64,3,3,0.004,0.002,9.217618e+09,2.370959e+00,4.710044e-07
1024,1024,8,3,256,3,3,0.004,0.002,7.821066e+09,2.011737e+00,4.710044e-07
1024,1024,8,3,576,3,3,0.004,0.002,7.081781e+09,1.821578e+00,4.710044e-07
1024,1024,8,3,1024,3,3,0.004,0.002,6.997027e+09,1.799777e+00,4.710044e-07
1024,1024,20,3,64,3,3,0.007,0.003,1.373943e+10,2.192699e+00,4.592148e-07
1024,1024,20,3,256,3,3,0.007,0.004,1.139070e+10,1.817861e+00,4.592148e-07
1024,1024,20,3,576,3,3,0.007,0.004,9.888307e+09,1.578092e+00,4.592148e-07
1024,1024,20,3,1024,3,3,0.007,0.004,9.761020e+09,1.557778e+00,4.592148e-07
1024,1024,32,3,64,3,3,0.009,0.004,1.682816e+10,2.271625e+00,4.628147e-07
1024,1024,32,3,256,3,3,0.009,0.005,1.276670e+10,1.723370e+00,4.628147e-07
1024,1024,32,3,576,3,3,0.009,0.006,1.061663e+10,1.433134e+00,4.628147e-07
1024,1024,32,3,1024,3,3,0.009,0.006,1.071343e+10,1.446200e+00,4.628147e-07
2048,2048,3,3,64,3,3,0.017,0.002,1.166295e+10,7.832879e+00,6.408517e-07
2048,2048,3,3,256,3,3,0.017,0.003,9.644351e+09,6.477178e+00,6.408517e-07
2048,2048,3,3,576,3,3,0.017,0.004,6.650560e+09,4.466538e+00,6.408517e-07
2048,2048,3,3,1024,3,3,0.017,0.004,5.654719e+09,3.797728e+00,6.408517e-07
2048,2048,6,3,64,3,3,0.020,0.003,1.834960e+10,7.177034e+00,6.464749e-07
2048,2048,6,3,256,3,3,0.020,0.003,1.511951e+10,5.913655e+00,6.464749e-07
2048,2048,6,3,576,3,3,0.020,0.005,9.921920e+09,3.880735e+00,6.464749e-07
2048,2048,6,3,1024,3,3,0.020,0.006,8.590601e+09,3.360020e+00,6.464749e-07
2048,2048,8,3,64,3,3,0.016,0.003,2.540049e+10,6.127630e+00,6.482416e-07
2048,2048,8,3,256,3,3,0.016,0.003,1.998274e+10,4.820649e+00,6.482416e-07
2048,2048,8,3,576,3,3,0.016,0.005,1.233501e+10,2.975707e+00,6.482416e-07
2048,2048,8,3,1024,3,3,0.016,0.006,1.038469e+10,2.505210e+00,6.482416e-07
2048,2048,20,3,64,3,3,0.025,0.005,3.304899e+10,5.020998e+00,6.487885e-07
2048,2048,20,3,256,3,3,0.025,0.006,2.654761e+10,4.033271e+00,6.487885e-07
2048,2048,20,3,576,3,3,0.025,0.010,1.638649e+10,2.489533e+00,6.487885e-07
2048,2048,20,3,1024,3,3,0.025,0.012,1.373708e+10,2.087018e+00,6.487885e-07
2048,2048,32,3,64,3,3,0.034,0.007,3.732035e+10,4.782665e+00,6.418919e-07
2048,2048,32,3,256,3,3,0.034,0.010,2.780755e+10,3.563584e+00,6.418919e-07
2048,2048,32,3,576,3,3,0.034,0.015,1.811676e+10,2.321692e+00,6.418919e-07
2048,2048,32,3,1024,3,3,0.034,0.018,1.487901e+10,1.906770e+00,6.418919e-07
4096,4096,3,3,64,3,3,0.064,0.004,2.247877e+10,1.438283e+01,8.962688e-07
4096,4096,3,3,256,3,3,0.064,0.005,1.959399e+10,1.253703e+01,8.962688e-07
4096,4096,3,3,576,3,3,0.064,0.007,1.442418e+10,9.229175e+00,8.962688e-07
4096,4096,3,3,1024,3,3,0.064,0.012,8.511168e+09,5.445790e+00,8.962688e-07
4096,4096,6,3,64,3,3,0.076,0.005,3.827923e+10,1.448249e+01,9.013069e-07
4096,4096,6,3,256,3,3,0.076,0.007,2.853904e+10,1.079741e+01,9.013069e-07
4096,4096,6,3,576,3,3,0.076,0.010,2.080888e+10,7.872794e+00,9.013069e-07
4096,4096,6,3,1024,3,3,0.076,0.016,1.280798e+10,4.845748e+00,9.013069e-07
4096,4096,8,3,64,3,3,0.064,0.005,5.423558e+10,1.294995e+01,9.045466e-07
4096,4096,8,3,256,3,3,0.064,0.007,4.064664e+10,9.705286e+00,9.045466e-07
4096,4096,8,3,576,3,3,0.064,0.010,2.640255e+10,6.304193e+00,9.045466e-07
4096,4096,8,3,1024,3,3,0.064,0.018,1.522711e+10,3.635810e+00,9.045466e-07
4096,4096,20,3,64,3,3,0.100,0.010,6.779443e+10,1.014743e+01,9.059242e-07
4096,4096,20,3,256,3,3,0.100,0.013,5.123107e+10,7.668233e+00,9.059242e-07
4096,4096,20,3,576,3,3,0.100,0.021,3.157216e+10,4.725700e+00,9.059242e-07
4096,4096,20,3,1024,3,3,0.100,0.035,1.924885e+10,2.881155e+00,9.059242e-07
4096,4096,32,3,64,3,3,0.135,0.013,8.006859e+10,1.008285e+01,9.066056e-07
4096,4096,32,3,256,3,3,0.135,0.021,5.231422e+10,6.587803e+00,9.066056e-07
4096,4096,32,3,576,3,3,0.135,0.031,3.491393e+10,4.396627e+00,9.066056e-07
4096,4096,32,3,1024,3,3,0.135,0.052,2.051191e+10,2.583015e+00,9.066056e-07
8192,8192,3,3,64,3,3,0.260,0.006,6.464109e+10,4.166382e+01,1.281222e-06
8192,8192,3,3,256,3,3,0.260,0.009,4.571238e+10,2.946349e+01,1.281222e-06
8192,8192,3,3,576,3,3,0.260,0.013,2.984814e+10,1.923835e+01,1.281222e-06
8192,8192,3,3,1024,3,3,0.260,0.024,1.655680e+10,1.067154e+01,1.281222e-06
8192,8192,6,3,64,3,3,0.305,0.008,9.632240e+10,3.643667e+01,1.277959e-06
8192,8192,6,3,256,3,3,0.305,0.012,6.556285e+10,2.480100e+01,1.277959e-06
8192,8192,6,3,576,3,3,0.305,0.019,4.348110e+10,1.644796e+01,1.277959e-06
8192,8192,6,3,1024,3,3,0.305,0.032,2.497781e+10,9.448561e+00,1.277959e-06
8192,8192,8,3,64,3,3,0.256,0.008,1.309523e+11,3.127841e+01,1.271158e-06
8192,8192,8,3,256,3,3,0.256,0.012,9.004099e+10,2.150660e+01,1.271158e-06
8192,8192,8,3,576,3,3,0.256,0.020,5.247952e+10,1.253491e+01,1.271158e-06
8192,8192,8,3,1024,3,3,0.256,0.036,2.974198e+10,7.103975e+00,1.271158e-06
8192,8192,20,3,64,3,3,0.407,0.017,1.556570e+11,2.358370e+01,1.278351e-06
8192,8192,20,3,256,3,3,0.407,0.025,1.064413e+11,1.612699e+01,1.278351e-06
8192,8192,20,3,576,3,3,0.407,0.042,6.453941e+10,9.778408e+00,1.278351e-06
8192,8192,20,3,1024,3,3,0.407,0.070,3.835439e+10,5.811098e+00,1.278351e-06
8192,8192,32,3,64,3,3,0.546,0.027,1.599816e+11,2.034117e+01,1.276389e-06
8192,8192,32,3,256,3,3,0.546,0.039,1.113774e+11,1.416129e+01,1.276389e-06
8192,8192,32,3,576,3,3,0.546,0.061,7.057017e+10,8.972779e+00,1.276389e-06
8192,8192,32,3,1024,3,3,0.546,0.104,4.112292e+10,5.228653e+00,1.276389e-06
16384,16384,3,3,64,3,3,1.030,0.017,9.335594e+10,5.968463e+01,1.798752e-06
16384,16384,3,3,256,3,3,1.030,0.021,7.711497e+10,4.930140e+01,1.798752e-06
16384,16384,3,3,576,3,3,1.030,0.030,5.348475e+10,3.419405e+01,1.798752e-06
16384,16384,3,3,1024,3,3,1.030,0.049,3.297125e+10,2.107929e+01,1.798752e-06
16384,16384,6,3,64,3,3,1.219,0.021,1.499946e+11,5.674910e+01,1.802866e-06
16384,16384,6,3,256,3,3,1.219,0.029,1.123095e+11,4.249129e+01,1.802866e-06
16384,16384,6,3,576,3,3,1.219,0.042,7.678650e+10,2.905147e+01,1.802866e-06
16384,16384,6,3,1024,3,3,1.219,0.065,4.931699e+10,1.865863e+01,1.802866e-06
16384,16384,8,3,64,3,3,1.027,0.022,1.926651e+11,4.606153e+01,1.798708e-06
16384,16384,8,3,256,3,3,1.027,0.027,1.596002e+11,3.815653e+01,1.798708e-06
16384,16384,8,3,576,3,3,1.027,0.042,1.034191e+11,2.472499e+01,1.798708e-06
16384,16384,8,3,1024,3,3,1.027,0.072,5.951388e+10,1.422832e+01,1.798708e-06
16384,16384,20,3,64,3,3,1.622,0.041,2.623803e+11,3.962790e+01,1.799428e-06
16384,16384,20,3,256,3,3,1.622,0.055,1.965487e+11,2.968520e+01,1.799428e-06
16384,16384,20,3,576,3,3,1.622,0.085,1.269386e+11,1.917183e+01,1.799428e-06
16384,16384,20,3,1024,3,3,1.622,0.141,7.600375e+10,1.147902e+01,1.799428e-06
16384,16384,32,3,64,3,3,2.253,0.058,2.964900e+11,3.888762e+01,1.799955e-06
16384,16384,32,3,256,3,3,2.253,0.084,2.033560e+11,2.667217e+01,1.799955e-06
16384,16384,32,3,576,3,3,2.253,0.127,1.352006e+11,1.773291e+01,1.799955e-06
16384,16384,32,3,1024,3,3,2.253,0.211,8.160421e+10,1.070321e+01,1.799955e-06
1024,1024,3,4,64,3,3,0.004,0.002,3.478617e+09,2.391433e+00,4.738982e-07
1024,1024,3,4,256,3,3,0.004,0.002,3.195140e+09,2.196552e+00,4.738982e-07
1024,1024,3,4,576,3,3,0.004,0.002,2.985089e+09,2.052149e+00,4.738982e-07
1024,1024,3,4,1024,3,3,0.004,0.002,2.965416e+09,2.038624e+00,4.738982e-07
1024,1024,6,4,64,3,3,0.005,0.002,6.750359e+09,2.614571e+00,4.641920e-07
1024,1024,6,4,256,3,3,0.005,0.002,5.734746e+09,2.221200e+00,4.641920e-07
1024,1024,6,4,576,3,3,0.005,0.003,5.010139e+09,1.940543e+00,4.641920e-07
1024,1024,6,4,1024,3,3,0.005,0.002,5.046638e+09,1.954680e+00,4.641920e-07
1024,1024,8,4,64,3,3,0.004,0.002,9.097479e+09,2.223531e+00,4.710044e-07
1024,1024,8,4,256,3,3,0.004,0.002,7.514716e+09,1.836685e+00,4.710044e-07
1024,1024,8,4,576,3,3,0.004,0.002,6.908191e+09,1.688443e+00,4.710044e-07
1024,1024,8,4,1024,3,3,0.004,0.002,6.774261e+09,1.655709e+00,4.710044e-07
1024,1024,20,4,64,3,3,0.007,0.002,1.790108e+10,2.856608e+00,4.592148e-07
1024,1024,20,4,256,3,3,0.007,0.004,1.145649e+10,1.828198e+00,4.592148e-07
1024,1024,20,4,576,3,3,0.007,0.004,1.008554e+10,1.609425e+00,4.592148e-07
1024,1024,20,4,1024,3,3,0.007,0.004,1.005106e+10,1.603922e+00,4.592148e-07
1024,1024,32,4,64,3,3,0.009,0.003,2.392321e+10,3.256088e+00,4.628147e-07
1024,1024,32,4,256,3,3,0.009,0.005,1.374347e+10,1.870566e+00,4.628147e-07
1024,1024,32,4,576,3,3,0.009,0.006,1.129338e+10,1.537095e+00,4.628147e-07
1024,1024,32,4,1024,3,3,0.009,0.006,1.134631e+10,1.544299e+00,4.628147e-07
2048,2048,3,4,64,3,3,0.017,0.002,1.119207e+10,7.477989e+00,6.408517e-07
2048,2048,3,4,256,3,3,0.017,0.003,8.761882e+09,5.854257e+00,6.408517e-07
2048,2048,3,4,576,3,3,0.017,0.004,6.103159e+09,4.077830e+00,6.408517e-07
2048,2048,3,4,1024,3,3,0.017,0.005,5.396091e+09,3.605402e+00,6.408517e-07
2048,2048,6,4,64,3,3,0.020,0.003,2.007917e+10,7.880494e+00,6.464749e-07
2048,2048,6,4,256,3,3,0.020,0.003,1.514598e+10,5.944358e+00,6.464749e-07
2048,2048,6,4,576,3,3,0.020,0.005,1.022483e+10,4.012951e+00,6.464749e-07
2048,2048,6,4,1024,3,3,0.020,0.006,8.860041e+09,3.477310e+00,6.464749e-07
2048,2048,8,4,64,3,3,0.017,0.002,2.884378e+10,7.399862e+00,6.482416e-07
2048,2048,8,4,256,3,3,0.017,0.003,1.986635e+10,5.096704e+00,6.482416e-07
2048,2048,8,4,576,3,3,0.017,0.005,1.282245e+10,3.289595e+00,6.482416e-07
2048,2048,8,4,1024,3,3,0.017,0.006,1.079918e+10,2.770527e+00,6.482416e-07
2048,2048,20,4,64,3,3,0.026,0.003,4.985416e+10,7.581131e+00,6.487885e-07
2048,2048,20,4,256,3,3,0.026,0.006,2.729247e+10,4.150262e+00,6.487885e-07
2048,2048,20,4,576,3,3,0.026,0.010,1.742767e+10,2.650159e+00,6.487885e-07
2048,2048,20,4,1024,3,3,0.026,0.011,1.497162e+10,2.276677e+00,6.487885e-07
2048,2048,32,4,64,3,3,0.034,0.004,6.230842e+10,7.973587e+00,6.418919e-07
2048,2048,32,4,256,3,3,0.034,0.009,3.046402e+10,3.898471e+00,6.418919e-07
2048,2048,32,4,576,3,3,0.034,0.014,1.898625e+10,2.429664e+00,6.418919e-07
2048,2048,32,4,1024,3,3,0.034,0.016,1.640203e+10,2.098962e+00,6.418919e-07
4096,4096,3,4,64,3,3,0.064,0.005,2.091912e+10,1.337518e+01,8.962688e-07
4096,4096,3,4,256,3,3,0.064,0.006,1.755162e+10,1.122209e+01,8.962688e-07
4096,4096,3,4,576,3,3,0.064,0.008,1.261859e+10,8.068021e+00,8.962688e-07
4096,4096,3,4,1024,3,3,0.064,0.012,8.214011e+09,5.251842e+00,8.962688e-07
4096,4096,6,4,64,3,3,0.076,0.005,3.867726e+10,1.463102e+01,9.013069e-07
4096,4096,6,4,256,3,3,0.076,0.007,2.845916e+10,1.076567e+01,9.013069e-07
4096,4096,6,4,576,3,3,0.076,0.009,2.141580e+10,8.101274e+00,9.013069e-07
4096,4096,6,4,1024,3,3,0.076,0.015,1.328509e+10,5.025550e+00,9.013069e-07
4096,4096,8,4,64,3,3,0.064,0.005,5.430716e+10,1.298629e+01,9.045466e-07
4096,4096,8,4,256,3,3,0.064,0.007,3.870818e+10,9.256159e+00,9.045466e-07
4096,4096,8,4,576,3,3,0.064,0.010,2.745589e+10,6.565435e+00,9.045466e-07
4096,4096,8,4,1024,3,3,0.064,0.017,1.580104e+10,3.778450e+00,9.045466e-07
4096,4096,20,4,64,3,3,0.100,0.007,9.708461e+10,1.444117e+01,9.059242e-07
4096,4096,20,4,256,3,3,0.100,0.013,5.271817e+10,7.841737e+00,9.059242e-07
4096,4096,20,4,576,3,3,0.100,0.019,3.578660e+10,5.323196e+00,9.059242e-07
4096,4096,20,4,1024,3,3,0.100,0.032,2.078938e+10,3.092384e+00,9.059242e-07
4096,4096,32,4,64,3,3,0.136,0.009,1.221501e+11,1.549067e+01,9.066056e-07
4096,4096,32,4,256,3,3,0.136,0.018,5.946333e+10,7.540938e+00,9.066056e-07
4096,4096,32,4,576,3,3,0.136,0.029,3.671691e+10,4.656314e+00,9.066056e-07
4096,4096,32,4,1024,3,3,0.136,0.048,2.234518e+10,2.833740e+00,9.066056e-07
8192,8192,3,4,64,3,3,0.257,0.007,5.881503e+10,3.760884e+01,1.281222e-06
8192,8192,3,4,256,3,3,0.257,0.010,4.125948e+10,2.638307e+01,1.281222e-06
8192,8192,3,4,576,3,3,0.257,0.014,2.777945e+10,1.776337e+01,1.281222e-06
8192,8192,3,4,1024,3,3,0.257,0.025,1.634707e+10,1.045302e+01,1.281222e-06
8192,8192,6,4,64,3,3,0.311,0.008,1.055764e+11,4.079504e+01,1.277959e-06
8192,8192,6,4,256,3,3,0.311,0.012,6.706861e+10,2.591551e+01,1.277959e-06
8192,8192,6,4,576,3,3,0.311,0.018,4.594913e+10,1.775488e+01,1.277959e-06
8192,8192,6,4,1024,3,3,0.311,0.031,2.622398e+10,1.013302e+01,1.277959e-06
8192,8192,8,4,64,3,3,0.256,0.007,1.493244e+11,3.565750e+01,1.271158e-06
8192,8192,8,4,256,3,3,0.256,0.012,8.818981e+10,2.105904e+01,1.271158e-06
8192,8192,8,4,576,3,3,0.256,0.019,5.735651e+10,1.369629e+01,1.271158e-06
8192,8192,8,4,1024,3,3,0.256,0.035,3.109917e+10,7.426241e+00,1.271158e-06
8192,8192,20,4,64,3,3,0.401,0.011,2.372413e+11,3.543606e+01,1.278351e-06
8192,8192,20,4,256,3,3,0.401,0.024,1.110746e+11,1.659090e+01,1.278351e-06
8192,8192,20,4,576,3,3,0.401,0.038,7.150814e+10,1.068097e+01,1.278351e-06
8192,8192,20,4,1024,3,3,0.401,0.065,4.144714e+10,6.190843e+00,1.278351e-06
8192,8192,32,4,64,3,3,0.548,0.015,2.839601e+11,3.624447e+01,1.276389e-06
8192,8192,32,4,256,3,3,0.548,0.035,1.220359e+11,1.557658e+01,1.276389e-06
8192,8192,32,4,576,3,3,0.548,0.057,7.585077e+10,9.681540e+00,1.276389e-06
8192,8192,32,4,1024,3,3,0.548,0.095,4.535177e+10,5.788669e+00,1.276389e-06
16384,16384,3,4,64,3,3,1.012,0.020,8.229198e+10,5.171262e+01,1.798752e-06
16384,16384,3,4,256,3,3,1.012,0.023,6.927631e+10,4.353352e+01,1.798752e-06
16384,16384,3,4,576,3,3,1.012,0.034,4.766127e+10,2.995054e+01,1.798752e-06
16384,16384,3,4,1024,3,3,1.012,0.050,3.195553e+10,2.008098e+01,1.798752e-06
16384,16384,6,4,64,3,3,1.205,0.022,1.456450e+11,5.448870e+01,1.802866e-06
16384,16384,6,4,256,3,3,1.205,0.028,1.146272e+11,4.288433e+01,1.802866e-06
16384,16384,6,4,576,3,3,1.205,0.041,7.784536e+10,2.912351e+01,1.802866e-06
16384,16384,6,4,1024,3,3,1.205,0.063,5.083827e+10,1.901961e+01,1.802866e-06
16384,16384,8,4,64,3,3,1.025,0.023,1.894921e+11,4.524088e+01,1.798708e-06
16384,16384,8,4,256,3,3,1.025,0.028,1.536636e+11,3.668689e+01,1.798708e-06
16384,16384,8,4,576,3,3,1.025,0.039,1.106898e+11,2.642697e+01,1.798708e-06
16384,16384,8,4,1024,3,3,1.025,0.069,6.182980e+10,1.476175e+01,1.798708e-06
16384,16384,20,4,64,3,3,1.621,0.043,2.477211e+11,3.740833e+01,1.799428e-06
16384,16384,20,4,256,3,3,1.621,0.052,2.046490e+11,3.090402e+01,1.799428e-06
16384,16384,20,4,576,3,3,1.621,0.077,1.393153e+11,2.103799e+01,1.799428e-06
16384,16384,20,4,1024,3,3,1.621,0.130,8.285582e+10,1.251205e+01,1.799428e-06
16384,16384,32,4,64,3,3,2.170,0.073,2.363273e+11,2.984880e+01,1.799955e-06
16384,16384,32,4,256,3,3,2.170,0.076,2.257592e+11,2.851402e+01,1.799955e-06
16384,16384,32,4,576,3,3,2.170,0.117,1.469430e+11,1.855931e+01,1.799955e-06
16384,16384,32,4,1024,3,3,2.170,0.192,8.943233e+10,1.129555e+01,1.799955e-06
1024,1024,3,1,64,4,4,0.004,0.002,3.922666e+09,2.697363e+00,4.549403e-07
1024,1024,3,1,256,4,4,0.004,0.002,3.929861e+09,2.702311e+00,4.549403e-07
1024,1024,3,1,576,4,4,0.004,0.002,3.777317e+09,2.597417e+00,4.549403e-07
1024,1024,3,1,1024,4,4,0.004,0.002,3.536346e+09,2.431716e+00,4.549403e-07
1024,1024,6,1,64,4,4,0.011,0.002,7.819231e+09,6.662104e+00,4.546089e-07
1024,1024,6,1,256,4,4,0.011,0.002,7.840375e+09,6.680118e+00,4.546089e-07
1024,1024,6,1,576,4,4,0.011,0.002,7.555801e+09,6.437657e+00,4.546089e-07
1024,1024,6,1,1024,4,4,0.011,0.002,7.142899e+09,6.085859e+00,4.546089e-07
1024,1024,8,1,64,4,4,0.008,0.002,1.042657e+10,5.215728e+00,4.580087e-07
1024,1024,8,1,256,4,4,0.008,0.002,1.041560e+10,5.210241e+00,4.580087e-07
1024,1024,8,1,576,4,4,0.008,0.002,1.006255e+10,5.033634e+00,4.580087e-07
1024,1024,8,1,1024,4,4,0.008,0.002,9.411079e+09,4.707745e+00,4.580087e-07
1024,1024,20,1,64,4,4,0.008,0.002,2.572671e+10,5.184546e+00,4.461217e-07
1024,1024,20,1,256,4,4,0.008,0.002,2.582738e+10,5.204833e+00,4.461217e-07
1024,1024,20,1,576,4,4,0.008,0.002,2.496057e+10,5.030149e+00,4.461217e-07
1024,1024,20,1,1024,4,4,0.008,0.002,2.345399e+10,4.726538e+00,4.461217e-07
1024,1024,32,1,64,4,4,0.009,0.002,4.125260e+10,5.574234e+00,4.481855e-07
1024,1024,32,1,256,4,4,0.009,0.002,4.155455e+10,5.615034e+00,4.481855e-07
1024,1024,32,1,576,4,4,0.009,0.002,4.018796e+10,5.430375e+00,4.481855e-07
1024,1024,32,1,1024,4,4,0.009,0.002,3.759020e+10,5.079354e+00,4.481855e-07
2048,2048,3,1,64,4,4,0.017,0.002,1.448168e+10,9.914551e+00,6.206359e-07
2048,2048,3,1,256,4,4,0.017,0.002,1.424197e+10,9.750439e+00,6.206359e-07
2048,2048,3,1,576,4,4,0.017,0.002,1.336333e+10,9.148902e+00,6.206359e-07
2048,2048,3,1,1024,4,4,0.017,0.002,1.203670e+10,8.240650e+00,6.206359e-07
2048,2048,6,1,64,4,4,0.036,0.002,2.891422e+10,2.071591e+01,6.261588e-07
2048,2048,6,1,256,4,4,0.036,0.002,2.828518e+10,2.026523e+01,6.261588e-07
2048,2048,6,1,576,4,4,0.036,0.002,2.700180e+10,1.934574e+01,6.261588e-07
2048,2048,6,1,1024,4,4,0.036,0.002,2.401501e+10,1.720582e+01,6.261588e-07
2048,2048,8,1,64,4,4,0.017,0.002,3.859160e+10,9.928655e+00,6.255457e-07
2048,2048,8,1,256,4,4,0.017,0.002,3.803932e+10,9.786566e+00,6.255457e-07
2048,2048,8,1,576,4,4,0.017,0.002,3.602976e+10,9.269557e+00,6.255457e-07
2048,2048,8,1,1024,4,4,0.017,0.002,3.184217e+10,8.192195e+00,6.255457e-07
2048,2048,20,1,64,4,4,0.027,0.002,8.985071e+10,1.445465e+01,6.284363e-07
2048,2048,20,1,256,4,4,0.027,0.002,8.731105e+10,1.404609e+01,6.284363e-07
2048,2048,20,1,576,4,4,0.027,0.002,8.906483e+10,1.432823e+01,6.284363e-07
2048,2048,20,1,1024,4,4,0.027,0.002,7.985207e+10,1.284613e+01,6.284363e-07
2048,2048,32,1,64,4,4,0.036,0.002,1.326039e+11,1.798940e+01,6.249142e-07
2048,2048,32,1,256,4,4,0.036,0.002,1.395625e+11,1.893343e+01,6.249142e-07
2048,2048,32,1,576,4,4,0.036,0.002,1.366294e+11,1.853552e+01,6.249142e-07
2048,2048,32,1,1024,4,4,0.036,0.002,1.279275e+11,1.735500e+01,6.249142e-07
4096,4096,3,1,64,4,4,0.063,0.002,4.614249e+10,2.873899e+01,8.689354e-07
4096,4096,3,1,256,4,4,0.063,0.002,4.216063e+10,2.625896e+01,8.689354e-07
4096,4096,3,1,576,4,4,0.063,0.002,4.163992e+10,2.593465e+01,8.689354e-07
4096,4096,3,1,1024,4,4,0.063,0.003,3.556640e+10,2.215187e+01,8.689354e-07
4096,4096,6,1,64,4,4,0.082,0.002,9.191285e+10,3.734341e+01,8.768309e-07
4096,4096,6,1,256,4,4,0.082,0.002,8.411578e+10,3.417552e+01,8.768309e-07
4096,4096,6,1,576,4,4,0.082,0.002,8.363892e+10,3.398178e+01,8.768309e-07
4096,4096,6,1,1024,4,4,0.082,0.003,7.063300e+10,2.869759e+01,8.768309e-07
4096,4096,8,1,64,4,4,0.069,0.002,1.226749e+11,3.148986e+01,8.742026e-07
4096,4096,8,1,256,4,4,0.069,0.002,1.124213e+11,2.885781e+01,8.742026e-07
4096,4096,8,1,576,4,4,0.069,0.002,1.108240e+11,2.844780e+01,8.742026e-07
4096,4096,8,1,1024,4,4,0.069,0.003,9.473730e+10,2.431844e+01,8.742026e-07
4096,4096,20,1,64,4,4,0.108,0.003,2.280538e+11,3.655532e+01,8.762336e-07
4096,4096,20,1,256,4,4,0.108,0.003,2.279703e+11,3.654195e+01,8.762336e-07
4096,4096,20,1,576,4,4,0.108,0.003,2.637536e+11,4.227775e+01,8.762336e-07
4096,4096,20,1,1024,4,4,0.108,0.003,2.345210e+11,3.759198e+01,8.762336e-07
4096,4096,32,1,64,4,4,0.146,0.003,3.103267e+11,4.224715e+01,8.772438e-07
4096,4096,32,1,256,4,4,0.146,0.003,3.655397e+11,4.976372e+01,8.772438e-07
4096,4096,32,1,576,4,4,0.146,0.003,3.158297e+11,4.299632e+01,8.772438e-07
4096,4096,32,1,1024,4,4,0.146,0.003,3.733778e+11,5.083077e+01,8.772438e-07
8192,8192,3,1,64,4,4,0.258,0.004,1.098687e+11,7.034792e+01,1.234737e-06
8192,8192,3,1,256,4,4,0.258,0.004,8.961786e+10,5.738147e+01,1.234737e-06
8192,8192,3,1,576,4,4,0.258,0.005,7.908107e+10,5.063486e+01,1.234737e-06
8192,8192,3,1,1024,4,4,0.258,0.007,6.085363e+10,3.896401e+01,1.234737e-06
8192,8192,6,1,64,4,4,0.327,0.004,2.195704e+11,8.907493e+01,1.233955e-06
8192,8192,6,1,256,4,4,0.327,0.005,1.787078e+11,7.249783e+01,1.233955e-06
8192,8192,6,1,576,4,4,0.327,0.005,1.579949e+11,6.409506e+01,1.233955e-06
8192,8192,6,1,1024,4,4,0.327,0.007,1.193565e+11,4.842030e+01,1.233955e-06
8192,8192,8,1,64,4,4,0.257,0.004,2.931598e+11,7.012688e+01,1.232944e-06
8192,8192,8,1,256,4,4,0.257,0.004,2.387817e+11,5.711907e+01,1.232944e-06
8192,8192,8,1,576,4,4,0.257,0.005,2.112254e+11,5.052732e+01,1.232944e-06
8192,8192,8,1,1024,4,4,0.257,0.007,1.593375e+11,3.811520e+01,1.232944e-06
8192,8192,20,1,64,4,4,0.402,0.007,3.742673e+11,5.601508e+01,1.234588e-06
8192,8192,20,1,256,4,4,0.402,0.007,3.770405e+11,5.643013e+01,1.234588e-06
8192,8192,20,1,576,4,4,0.402,0.006,4.794511e+11,7.175750e+01,1.234588e-06
8192,8192,20,1,1024,4,4,0.402,0.007,3.904870e+11,5.844261e+01,1.234588e-06
8192,8192,32,1,64,4,4,0.572,0.009,4.669983e+11,6.214689e+01,1.234081e-06
8192,8192,32,1,256,4,4,0.572,0.007,6.032329e+11,8.027663e+01,1.234081e-06
8192,8192,32,1,576,4,4,0.572,0.009,4.812156e+11,6.403889e+01,1.234081e-06
8192,8192,32,1,1024,4,4,0.572,0.007,6.273595e+11,8.348734e+01,1.234081e-06
16384,16384,3,1,64,4,4,1.033,0.010,1.659084e+11,1.063696e+02,1.741546e-06
16384,16384,3,1,256,4,4,1.033,0.013,1.229025e+11,7.879706e+01,1.741546e-06
16384,16384,3,1,576,4,4,1.033,0.015,1.041363e+11,6.676537e+01,1.741546e-06
16384,16384,3,1,1024,4,4,1.033,0.017,9.306948e+10,5.967007e+01,1.741546e-06
16384,16384,6,1,64,4,4,1.250,0.010,3.319117e+11,1.288258e+02,1.741912e-06
16384,16384,6,1,256,4,4,1.250,0.013,2.441526e+11,9.476359e+01,1.741912e-06
16384,16384,6,1,576,4,4,1.250,0.016,2.074451e+11,8.051623e+01,1.741912e-06
16384,16384,6,1,1024,4,4,1.250,0.017,1.842474e+11,7.151244e+01,1.741912e-06
16384,16384,8,1,64,4,4,1.057,0.010,4.431606e+11,1.090194e+02,1.739362e-06
16384,16384,8,1,256,4,4,1.057,0.013,3.266613e+11,8.036007e+01,1.739362e-06
16384,16384,8,1,576,4,4,1.057,0.015,2.771177e+11,6.817212e+01,1.739362e-06
16384,16384,8,1,1024,4,4,1.057,0.018,2.448732e+11,6.023984e+01,1.739362e-06
16384,16384,20,1,64,4,4,1.613,0.024,4.482575e+11,6.731843e+01,1.741687e-06
16384,16384,20,1,256,4,4,1.613,0.022,4.857522e+11,7.294931e+01,1.741687e-06
16384,16384,20,1,576,4,4,1.613,0.018,6.052294e+11,9.089217e+01,1.741687e-06
16384,16384,20,1,1024,4,4,1.613,0.018,6.000404e+11,9.011289e+01,1.741687e-06
16384,16384,32,1,64,4,4,2.247,0.032,5.376854e+11,7.032356e+01,1.739917e-06
16384,16384,32,1,256,4,4,2.247,0.022,7.739769e+11,1.012280e+02,1.739917e-06
16384,16384,32,1,576,4,4,2.247,0.031,5.603998e+11,7.329436e+01,1.739917e-06
16384,16384,32,1,1024,4,4,2.247,0.018,9.738196e+11,1.273653e+02,1.739917e-06
1024,1024,3,2,64,4,4,0.004,0.002,3.735657e+09,2.568511e+00,4.549403e-07
1024,1024,3,2,256,4,4,0.004,0.002,3.778153e+09,2.597729e+00,4.549403e-07
1024,1024,3,2,576,4,4,0.004,0.002,3.628300e+09,2.494696e+00,4.549403e-07
1024,1024,3,2,1024,4,4,0.004,0.002,3.449082e+09,2.371471e+00,4.549403e-07
1024,1024,6,2,64,4,4,0.011,0.002,7.464635e+09,6.359978e+00,4.546089e-07
1024,1024,6,2,256,4,4,0.011,0.002,7.554358e+09,6.436423e+00,4.546089e-07
1024,1024,6,2,576,4,4,0.011,0.002,7.346737e+09,6.259527e+00,4.546089e-07
1024,1024,6,2,1024,4,4,0.011,0.002,6.903044e+09,5.881494e+00,4.546089e-07
1024,1024,8,2,64,4,4,0.004,0.002,9.908282e+09,2.543994e+00,4.580087e-07
1024,1024,8,2,256,4,4,0.004,0.002,1.006367e+10,2.583890e+00,4.580087e-07
1024,1024,8,2,576,4,4,0.004,0.002,9.680778e+09,2.485581e+00,4.580087e-07
1024,1024,8,2,1024,4,4,0.004,0.002,9.186660e+09,2.358714e+00,4.580087e-07
1024,1024,20,2,64,4,4,0.007,0.002,2.449671e+10,3.943148e+00,4.461217e-07
1024,1024,20,2,256,4,4,0.007,0.002,2.522161e+10,4.059831e+00,4.461217e-07
1024,1024,20,2,576,4,4,0.007,0.002,2.414241e+10,3.886116e+00,4.461217e-07
1024,1024,20,2,1024,4,4,0.007,0.002,2.294221e+10,3.692925e+00,4.461217e-07
1024,1024,32,2,64,4,4,0.009,0.002,3.923950e+10,5.345699e+00,4.481855e-07
1024,1024,32,2,256,4,4,0.009,0.002,4.021974e+10,5.479240e+00,4.481855e-07
1024,1024,32,2,576,4,4,0.009,0.002,3.911946e+10,5.329345e+00,4.481855e-07
1024,1024,32,2,1024,4,4,0.009,0.002,3.477651e+10,4.737694e+00,4.481855e-07
2048,2048,3,2,64,4,4,0.017,0.002,1.326980e+10,9.114873e+00,6.206359e-07
2048,2048,3,2,256,4,4,0.017,0.002,1.358354e+10,9.330376e+00,6.206359e-07
2048,2048,3,2,576,4,4,0.017,0.002,1.282475e+10,8.809173e+00,6.206359e-07
2048,2048,3,2,1024,4,4,0.017,0.002,1.146427e+10,7.874678e+00,6.206359e-07
2048,2048,6,2,64,4,4,0.020,0.002,2.647120e+10,1.075548e+01,6.261588e-07
2048,2048,6,2,256,4,4,0.020,0.002,2.712582e+10,1.102146e+01,6.261588e-07
2048,2048,6,2,576,4,4,0.020,0.002,2.404167e+10,9.768339e+00,6.261588e-07
2048,2048,6,2,1024,4,4,0.020,0.002,2.231842e+10,9.068168e+00,6.261588e-07
2048,2048,8,2,64,4,4,0.017,0.002,3.515236e+10,9.023904e+00,6.255457e-07
2048,2048,8,2,256,4,4,0.017,0.002,3.618997e+10,9.290266e+00,6.255457e-07
2048,2048,8,2,576,4,4,0.017,0.002,3.383116e+10,8.684741e+00,6.255457e-07
2048,2048,8,2,1024,4,4,0.017,0.002,3.072897e+10,7.888382e+00,6.255457e-07
2048,2048,20,2,64,4,4,0.027,0.002,8.644350e+10,1.389076e+01,6.284363e-07
2048,2048,20,2,256,4,4,0.027,0.002,8.635092e+10,1.387588e+01,6.284363e-07
2048,2048,20,2,576,4,4,0.027,0.002,8.336670e+10,1.339634e+01,6.284363e-07
2048,2048,20,2,1024,4,4,0.027,0.002,7.569514e+10,1.216358e+01,6.284363e-07
2048,2048,32,2,64,4,4,0.037,0.002,1.357926e+11,1.847719e+01,6.249142e-07
2048,2048,32,2,256,4,4,0.037,0.002,1.377855e+11,1.874837e+01,6.249142e-07
2048,2048,32,2,576,4,4,0.037,0.002,1.362633e+11,1.854125e+01,6.249142e-07
2048,2048,32,2,1024,4,4,0.037,0.002,1.222739e+11,1.663772e+01,6.249142e-07
4096,4096,3,2,64,4,4,0.069,0.002,4.220165e+10,2.887570e+01,8.689354e-07
4096,4096,3,2,256,4,4,0.069,0.002,4.161259e+10,2.847265e+01,8.689354e-07
4096,4096,3,2,576,4,4,0.069,0.003,4.007992e+10,2.742394e+01,8.689354e-07
4096,4096,3,2,1024,4,4,0.069,0.003,3.423577e+10,2.342519e+01,8.689354e-07
4096,4096,6,2,64,4,4,0.082,0.002,8.375094e+10,3.400738e+01,8.768309e-07
4096,4096,6,2,256,4,4,0.082,0.002,8.394602e+10,3.408659e+01,8.768309e-07
4096,4096,6,2,576,4,4,0.082,0.003,8.018491e+10,3.255938e+01,8.768309e-07
4096,4096,6,2,1024,4,4,0.082,0.003,6.846456e+10,2.780029e+01,8.768309e-07
4096,4096,8,2,64,4,4,0.063,0.002,1.112643e+11,2.598082e+01,8.742026e-07
4096,4096,8,2,256,4,4,0.063,0.002,1.112159e+11,2.596952e+01,8.742026e-07
4096,4096,8,2,576,4,4,0.063,0.003,1.069586e+11,2.497542e+01,8.742026e-07
4096,4096,8,2,1024,4,4,0.063,0.003,9.128496e+10,2.131554e+01,8.742026e-07
4096,4096,20,2,64,4,4,0.100,0.003,2.502013e+11,3.743117e+01,8.762336e-07
4096,4096,20,2,256,4,4,0.100,0.003,2.406944e+11,3.600890e+01,8.762336e-07
4096,4096,20,2,576,4,4,0.100,0.003,2.664021e+11,3.985488e+01,8.762336e-07
4096,4096,20,2,1024,4,4,0.100,0.003,2.277923e+11,3.407869e+01,8.762336e-07
4096,4096,32,2,64,4,4,0.177,0.003,3.432534e+11,5.655612e+01,8.772438e-07
4096,4096,32,2,256,4,4,0.177,0.003,3.850619e+11,6.344469e+01,8.772438e-07
4096,4096,32,2,576,4,4,0.177,0.003,3.090509e+11,5.092075e+01,8.772438e-07
4096,4096,32,2,1024,4,4,0.177,0.003,3.645979e+11,6.007294e+01,8.772438e-07
8192,8192,3,2,64,4,4,0.258,0.004,1.131053e+11,7.246078e+01,1.234737e-06
8192,8192,3,2,256,4,4,0.258,0.004,9.948589e+10,6.373554e+01,1.234737e-06
8192,8192,3,2,576,4,4,0.258,0.005,7.443278e+10,4.768529e+01,1.234737e-06
8192,8192,3,2,1024,4,4,0.258,0.007,5.670977e+10,3.633106e+01,1.234737e-06
8192,8192,6,2,64,4,4,0.305,0.004,2.255554e+11,8.545581e+01,1.233955e-06
8192,8192,6,2,256,4,4,0.305,0.004,1.988108e+11,7.532313e+01,1.233955e-06
8192,8192,6,2,576,4,4,0.305,0.005,1.489074e+11,5.641632e+01,1.233955e-06
8192,8192,6,2,1024,4,4,0.305,0.007,1.131937e+11,4.288551e+01,1.233955e-06
8192,8192,8,2,64,4,4,0.257,0.004,2.996991e+11,7.166771e+01,1.232944e-06
8192,8192,8,2,256,4,4,0.257,0.004,2.650233e+11,6.337561e+01,1.232944e-06
8192,8192,8,2,576,4,4,0.257,0.005,1.982138e+11,4.739930e+01,1.232944e-06
8192,8192,8,2,1024,4,4,0.257,0.007,1.507883e+11,3.605834e+01,1.232944e-06
8192,8192,20,2,64,4,4,0.402,0.006,4.675256e+11,7.007658e+01,1.234588e-06
8192,8192,20,2,256,4,4,0.402,0.006,4.364186e+11,6.541401e+01,1.234588e-06
8192,8192,20,2,576,4,4,0.402,0.005,4.957824e+11,7.431195e+01,1.234588e-06
8192,8192,20,2,1024,4,4,0.402,0.007,3.769741e+11,5.650398e+01,1.234588e-06
8192,8192,32,2,64,4,4,0.583,0.008,5.708138e+11,7.745375e+01,1.234081e-06
8192,8192,32,2,256,4,4,0.583,0.006,6.925440e+11,9.397134e+01,1.234081e-06
8192,8192,32,2,576,4,4,0.583,0.009,4.636538e+11,6.291320e+01,1.234081e-06
8192,8192,32,2,1024,4,4,0.583,0.007,6.010046e+11,8.155035e+01,1.234081e-06
16384,16384,3,2,64,4,4,1.080,0.008,2.100102e+11,1.407646e+02,1.741546e-06
16384,16384,3,2,256,4,4,1.080,0.011,1.489104e+11,9.981093e+01,1.741546e-06
16384,16384,3,2,576,4,4,1.080,0.017,9.539007e+10,6.393759e+01,1.741546e-06
16384,16384,3,2,1024,4,4,1.080,0.018,8.807181e+10,5.903234e+01,1.741546e-06
16384,16384,6,2,64,4,4,1.219,0.008,4.177336e+11,1.581074e+02,1.741912e-06
16384,16384,6,2,256,4,4,1.219,0.011,2.982691e+11,1.128915e+02,1.741912e-06
16384,16384,6,2,576,4,4,1.219,0.017,1.908690e+11,7.224177e+01,1.741912e-06
16384,16384,6,2,1024,4,4,1.219,0.018,1.760365e+11,6.662781e+01,1.741912e-06
16384,16384,8,2,64,4,4,1.026,0.008,5.561992e+11,1.328849e+02,1.739362e-06
16384,16384,8,2,256,4,4,1.026,0.011,3.972684e+11,9.491382e+01,1.739362e-06
16384,16384,8,2,576,4,4,1.026,0.017,2.547432e+11,6.086225e+01,1.739362e-06
16384,16384,8,2,1024,4,4,1.026,0.018,2.347216e+11,5.607878e+01,1.739362e-06
16384,16384,20,2,64,4,4,1.649,0.018,6.083001e+11,9.339909e+01,1.741687e-06
16384,16384,20,2,256,4,4,1.649,0.018,6.008263e+11,9.225156e+01,1.741687e-06
16384,16384,20,2,576,4,4,1.649,0.017,6.355077e+11,9.757657e+01,1.741687e-06
16384,16384,20,2,1024,4,4,1.649,0.018,5.862389e+11,9.001180e+01,1.741687e-06
16384,16384,32,2,64,4,4,2.324,0.025,6.941769e+11,9.390889e+01,1.739917e-06
16384,16384,32,2,256,4,4,2.324,0.018,9.534562e+11,1.289844e+02,1.739917e-06
16384,16384,32,2,576,4,4,2.324,0.032,5.350894e+11,7.238739e+01,1.739917e-06
16384,16384,32,2,1024,4,4,2.324,0.018,9.356066e+11,1.265697e+02,1.739917e-06
1024,1024,3,3,64,4,4,0.009,0.002,2.947699e+09,4.293567e+00,4.549403e-07
1024,1024,3,3,256,4,4,0.009,0.003,2.391722e+09,3.483742e+00,4.549403e-07
1024,1024,3,3,576,4,4,0.009,0.003,2.409599e+09,3.509781e+00,4.549403e-07
1024,1024,3,3,1024,4,4,0.009,0.003,2.426800e+09,3.534835e+00,4.549403e-07
1024,1024,6,3,64,4,4,0.011,0.003,4.797522e+09,4.087148e+00,4.546089e-07
1024,1024,6,3,256,4,4,0.011,0.003,4.052505e+09,3.452446e+00,4.546089e-07
1024,1024,6,3,576,4,4,0.011,0.003,4.024786e+09,3.428831e+00,4.546089e-07
1024,1024,6,3,1024,4,4,0.011,0.003,4.027130e+09,3.430828e+00,4.546089e-07
1024,1024,8,3,64,4,4,0.008,0.003,6.192794e+09,3.085617e+00,4.580087e-07
1024,1024,8,3,256,4,4,0.008,0.003,5.310136e+09,2.645825e+00,4.580087e-07
1024,1024,8,3,576,4,4,0.008,0.003,5.313450e+09,2.647476e+00,4.580087e-07
1024,1024,8,3,1024,4,4,0.008,0.003,5.306325e+09,2.643926e+00,4.580087e-07
1024,1024,20,3,64,4,4,0.013,0.004,9.801088e+09,3.100542e+00,4.461217e-07
1024,1024,20,3,256,4,4,0.013,0.005,8.055651e+09,2.548379e+00,4.461217e-07
1024,1024,20,3,576,4,4,0.013,0.005,8.053608e+09,2.547733e+00,4.461217e-07
1024,1024,20,3,1024,4,4,0.013,0.005,8.036588e+09,2.542349e+00,4.461217e-07
1024,1024,32,3,64,4,4,0.009,0.006,1.150079e+10,1.567231e+00,4.481855e-07
1024,1024,32,3,256,4,4,0.009,0.007,9.209694e+09,1.255020e+00,4.481855e-07
1024,1024,32,3,576,4,4,0.009,0.007,9.200592e+09,1.253780e+00,4.481855e-07
1024,1024,32,3,1024,4,4,0.009,0.007,9.208276e+09,1.254827e+00,4.481855e-07
2048,2048,3,3,64,4,4,0.037,0.003,8.883138e+09,1.293432e+01,6.206359e-07
2048,2048,3,3,256,4,4,0.037,0.004,6.821819e+09,9.932928e+00,6.206359e-07
2048,2048,3,3,576,4,4,0.037,0.005,4.623924e+09,6.732676e+00,6.206359e-07
2048,2048,3,3,1024,4,4,0.037,0.005,4.603040e+09,6.702269e+00,6.206359e-07
2048,2048,6,3,64,4,4,0.020,0.004,1.338316e+10,5.438191e+00,6.261588e-07
2048,2048,6,3,256,4,4,0.020,0.005,1.068941e+10,4.343597e+00,6.261588e-07
2048,2048,6,3,576,4,4,0.020,0.007,7.176150e+09,2.915999e+00,6.261588e-07
2048,2048,6,3,1024,4,4,0.020,0.007,7.198620e+09,2.925129e+00,6.261588e-07
2048,2048,8,3,64,4,4,0.017,0.004,1.689877e+10,4.340907e+00,6.255457e-07
2048,2048,8,3,256,4,4,0.017,0.005,1.396508e+10,3.587309e+00,6.255457e-07
2048,2048,8,3,576,4,4,0.017,0.008,8.491306e+09,2.181221e+00,6.255457e-07
2048,2048,8,3,1024,4,4,0.017,0.008,8.488447e+09,2.180487e+00,6.255457e-07
2048,2048,20,3,64,4,4,0.053,0.007,2.380824e+10,7.469119e+00,6.284363e-07
2048,2048,20,3,256,4,4,0.053,0.009,1.954050e+10,6.130243e+00,6.284363e-07
2048,2048,20,3,576,4,4,0.053,0.014,1.225120e+10,3.843444e+00,6.284363e-07
2048,2048,20,3,1024,4,4,0.053,0.014,1.224840e+10,3.842567e+00,6.284363e-07
2048,2048,32,3,64,4,4,0.046,0.010,2.650708e+10,4.561486e+00,6.249142e-07
2048,2048,32,3,256,4,4,0.046,0.013,2.099142e+10,3.612320e+00,6.249142e-07
2048,2048,32,3,576,4,4,0.046,0.019,1.392402e+10,2.396124e+00,6.249142e-07
2048,2048,32,3,1024,4,4,0.046,0.019,1.390672e+10,2.393145e+00,6.249142e-07
4096,4096,3,3,64,4,4,0.069,0.004,2.341579e+10,1.607983e+01,8.689354e-07
4096,4096,3,3,256,4,4,0.069,0.006,1.758971e+10,1.207901e+01,8.689354e-07
4096,4096,3,3,576,4,4,0.069,0.011,9.148483e+09,6.282343e+00,8.689354e-07
4096,4096,3,3,1024,4,4,0.069,0.020,5.048269e+09,3.466690e+00,8.689354e-07
4096,4096,6,3,64,4,4,0.082,0.006,3.294690e+10,1.337841e+01,8.768309e-07
4096,4096,6,3,256,4,4,0.082,0.008,2.391314e+10,9.710163e+00,8.768309e-07
4096,4096,6,3,576,4,4,0.082,0.014,1.412067e+10,5.733835e+00,8.768309e-07
4096,4096,6,3,1024,4,4,0.082,0.026,7.744016e+09,3.144533e+00,8.768309e-07
4096,4096,8,3,64,4,4,0.069,0.007,4.120095e+10,1.059150e+01,8.742026e-07
4096,4096,8,3,256,4,4,0.069,0.008,3.217834e+10,8.272063e+00,8.742026e-07
4096,4096,8,3,576,4,4,0.069,0.016,1.692099e+10,4.349867e+00,8.742026e-07
4096,4096,8,3,1024,4,4,0.069,0.029,9.382127e+09,2.411856e+00,8.742026e-07
4096,4096,20,3,64,4,4,0.108,0.013,5.327592e+10,8.574957e+00,8.762336e-07
4096,4096,20,3,256,4,4,0.108,0.016,4.135588e+10,6.656382e+00,8.762336e-07
4096,4096,20,3,576,4,4,0.108,0.028,2.376836e+10,3.825606e+00,8.762336e-07
4096,4096,20,3,1024,4,4,0.108,0.052,1.300493e+10,2.093192e+00,8.762336e-07
4096,4096,32,3,64,4,4,0.146,0.019,5.746783e+10,7.816958e+00,8.772438e-07
4096,4096,32,3,256,4,4,0.146,0.025,4.311613e+10,5.864794e+00,8.772438e-07
4096,4096,32,3,576,4,4,0.146,0.042,2.534506e+10,3.447517e+00,8.772438e-07
4096,4096,32,3,1024,4,4,0.146,0.075,1.429219e+10,1.944069e+00,8.772438e-07
8192,8192,3,3,64,4,4,0.274,0.007,5.589137e+10,3.807646e+01,1.234737e-06
8192,8192,3,3,256,4,4,0.274,0.010,4.030244e+10,2.745637e+01,1.234737e-06
8192,8192,3,3,576,4,4,0.274,0.021,1.952816e+10,1.330372e+01,1.234737e-06
8192,8192,3,3,1024,4,4,0.274,0.040,9.946108e+09,6.775868e+00,1.234737e-06
8192,8192,6,3,64,4,4,0.305,0.011,7.561728e+10,2.866124e+01,1.233955e-06
8192,8192,6,3,256,4,4,0.305,0.016,5.176624e+10,1.962097e+01,1.233955e-06
8192,8192,6,3,576,4,4,0.305,0.027,2.954125e+10,1.119703e+01,1.233955e-06
8192,8192,6,3,1024,4,4,0.305,0.053,1.529261e+10,5.796362e+00,1.233955e-06
8192,8192,8,3,64,4,4,0.287,0.011,9.442324e+10,2.526543e+01,1.232944e-06
8192,8192,8,3,256,4,4,0.287,0.015,7.128445e+10,1.907404e+01,1.232944e-06
8192,8192,8,3,576,4,4,0.287,0.030,3.553358e+10,9.507949e+00,1.232944e-06
8192,8192,8,3,1024,4,4,0.287,0.058,1.855601e+10,4.965152e+00,1.232944e-06
8192,8192,20,3,64,4,4,0.418,0.023,1.150089e+11,1.791697e+01,1.234588e-06
8192,8192,20,3,256,4,4,0.418,0.031,8.679454e+10,1.352152e+01,1.234588e-06
8192,8192,20,3,576,4,4,0.418,0.057,4.676105e+10,7.284794e+00,1.234588e-06
8192,8192,20,3,1024,4,4,0.418,0.102,2.638931e+10,4.111128e+00,1.234588e-06
8192,8192,32,3,64,4,4,0.585,0.037,1.153139e+11,1.571696e+01,1.234081e-06
8192,8192,32,3,256,4,4,0.585,0.050,8.629548e+10,1.176184e+01,1.234081e-06
8192,8192,32,3,576,4,4,0.585,0.084,5.125532e+10,6.985957e+00,1.234081e-06
8192,8192,32,3,1024,4,4,0.585,0.148,2.893722e+10,3.944063e+00,1.234081e-06
16384,16384,3,3,64,4,4,1.031,0.016,1.014134e+11,6.494180e+01,1.741546e-06
16384,16384,3,3,256,4,4,1.031,0.019,8.527307e+10,5.460606e+01,1.741546e-06
16384,16384,3,3,576,4,4,1.031,0.042,3.831048e+10,2.453276e+01,1.741546e-06
16384,16384,3,3,1024,4,4,1.031,0.081,1.988011e+10,1.273057e+01,1.741546e-06
16384,16384,6,3,64,4,4,1.271,0.023,1.417615e+11,5.593232e+01,1.741912e-06
16384,16384,6,3,256,4,4,1.271,0.030,1.084088e+11,4.277293e+01,1.741912e-06
16384,16384,6,3,576,4,4,1.271,0.056,5.760626e+10,2.272868e+01,1.741912e-06
16384,16384,6,3,1024,4,4,1.271,0.105,3.066643e+10,1.209951e+01,1.741912e-06
16384,16384,8,3,64,4,4,1.059,0.024,1.764738e+11,4.352285e+01,1.739362e-06
16384,16384,8,3,256,4,4,1.059,0.029,1.480812e+11,3.652052e+01,1.739362e-06
16384,16384,8,3,576,4,4,1.059,0.061,7.035529e+10,1.735137e+01,1.739362e-06
16384,16384,8,3,1024,4,4,1.059,0.117,3.656909e+10,9.018850e+00,1.739362e-06
16384,16384,20,3,64,4,4,1.729,0.050,2.128979e+11,3.428335e+01,1.741687e-06
16384,16384,20,3,256,4,4,1.729,0.063,1.700763e+11,2.738770e+01,1.741687e-06
16384,16384,20,3,576,4,4,1.729,0.117,9.188878e+10,1.479702e+01,1.741687e-06
16384,16384,20,3,1024,4,4,1.729,0.206,5.216031e+10,8.399472e+00,1.741687e-06
16384,16384,32,3,64,4,4,2.285,0.077,2.219589e+11,2.951663e+01,1.739917e-06
16384,16384,32,3,256,4,4,2.285,0.098,1.751435e+11,2.329100e+01,1.739917e-06
16384,16384,32,3,576,4,4,2.285,0.169,1.014639e+11,1.349291e+01,1.739917e-06
16384,16384,32,3,1024,4,4,2.285,0.298,5.759884e+10,7.659631e+00,1.739917e-06
1024,1024,3,4,64,4,4,0.009,0.002,2.886870e+09,4.205761e+00,4.549403e-07
1024,1024,3,4,256,4,4,0.009,0.003,2.454694e+09,3.576141e+00,4.549403e-07
1024,1024,3,4,576,4,4,0.009,0.003,2.451477e+09,3.571455e+00,4.549403e-07
1024,1024,3,4,1024,4,4,0.009,0.003,2.443403e+09,3.559692e+00,4.549403e-07
1024,1024,6,4,64,4,4,0.011,0.002,5.370925e+09,4.575885e+00,4.546089e-07
1024,1024,6,4,256,4,4,0.011,0.003,4.375752e+09,3.728024e+00,4.546089e-07
1024,1024,6,4,576,4,4,0.011,0.003,4.366584e+09,3.720213e+00,4.546089e-07
1024,1024,6,4,1024,4,4,0.011,0.003,4.351738e+09,3.707565e+00,4.546089e-07
1024,1024,8,4,64,4,4,0.008,0.002,7.570369e+09,3.793432e+00,4.580087e-07
1024,1024,8,4,256,4,4,0.008,0.003,5.726467e+09,2.869472e+00,4.580087e-07
1024,1024,8,4,576,4,4,0.008,0.003,5.720397e+09,2.866430e+00,4.580087e-07
1024,1024,8,4,1024,4,4,0.008,0.003,5.704277e+09,2.858353e+00,4.580087e-07
1024,1024,20,4,64,4,4,0.013,0.003,1.448337e+10,4.545038e+00,4.461217e-07
1024,1024,20,4,256,4,4,0.013,0.005,9.162038e+09,2.875146e+00,4.461217e-07
1024,1024,20,4,576,4,4,0.013,0.005,9.192172e+09,2.884603e+00,4.461217e-07
1024,1024,20,4,1024,4,4,0.013,0.005,9.219628e+09,2.893218e+00,4.461217e-07
1024,1024,32,4,64,4,4,0.009,0.003,1.926576e+10,2.611626e+00,4.481855e-07
1024,1024,32,4,256,4,4,0.009,0.006,1.174449e+10,1.592059e+00,4.481855e-07
1024,1024,32,4,576,4,4,0.009,0.006,1.164428e+10,1.578475e+00,4.481855e-07
1024,1024,32,4,1024,4,4,0.009,0.006,1.165576e+10,1.580030e+00,4.481855e-07
2048,2048,3,4,64,4,4,0.037,0.003,8.729294e+09,1.271243e+01,6.206359e-07
2048,2048,3,4,256,4,4,0.037,0.004,6.914237e+09,1.006917e+01,6.206359e-07
2048,2048,3,4,576,4,4,0.037,0.005,4.614802e+09,6.720517e+00,6.206359e-07
2048,2048,3,4,1024,4,4,0.037,0.005,4.594139e+09,6.690425e+00,6.206359e-07
2048,2048,6,4,64,4,4,0.043,0.003,1.573661e+10,1.340397e+01,6.261588e-07
2048,2048,6,4,256,4,4,0.043,0.004,1.187678e+10,1.011628e+01,6.261588e-07
2048,2048,6,4,576,4,4,0.043,0.007,7.491507e+09,6.381038e+00,6.261588e-07
2048,2048,6,4,1024,4,4,0.043,0.007,7.481493e+09,6.372508e+00,6.261588e-07
2048,2048,8,4,64,4,4,0.033,0.003,2.279387e+10,1.136034e+01,6.255457e-07
2048,2048,8,4,256,4,4,0.033,0.004,1.540832e+10,7.679421e+00,6.255457e-07
2048,2048,8,4,576,4,4,0.033,0.008,8.777431e+09,4.374623e+00,6.255457e-07
2048,2048,8,4,1024,4,4,0.033,0.008,8.754980e+09,4.363433e+00,6.255457e-07
2048,2048,20,4,64,4,4,0.040,0.004,3.912935e+10,9.378348e+00,6.284363e-07
2048,2048,20,4,256,4,4,0.040,0.007,2.246081e+10,5.383306e+00,6.284363e-07
2048,2048,20,4,576,4,4,0.040,0.013,1.321496e+10,3.167303e+00,6.284363e-07
2048,2048,20,4,1024,4,4,0.040,0.013,1.327437e+10,3.181541e+00,6.284363e-07
2048,2048,32,4,64,4,4,0.036,0.005,4.947333e+10,6.703116e+00,6.249142e-07
2048,2048,32,4,256,4,4,0.036,0.010,2.558336e+10,3.466275e+00,6.249142e-07
2048,2048,32,4,576,4,4,0.036,0.018,1.517078e+10,2.055481e+00,6.249142e-07
2048,2048,32,4,1024,4,4,0.036,0.018,1.517114e+10,2.055529e+00,6.249142e-07
4096,4096,3,4,64,4,4,0.078,0.004,2.330189e+10,1.805429e+01,8.689354e-07
4096,4096,3,4,256,4,4,0.078,0.006,1.630812e+10,1.263552e+01,8.689354e-07
4096,4096,3,4,576,4,4,0.078,0.011,9.213132e+09,7.138329e+00,8.689354e-07
4096,4096,3,4,1024,4,4,0.078,0.020,5.033546e+09,3.899989e+00,8.689354e-07
4096,4096,6,4,64,4,4,0.082,0.005,4.071521e+10,1.654694e+01,8.768309e-07
4096,4096,6,4,256,4,4,0.082,0.008,2.571254e+10,1.044975e+01,8.768309e-07
4096,4096,6,4,576,4,4,0.082,0.014,1.473922e+10,5.990121e+00,8.768309e-07
4096,4096,6,4,1024,4,4,0.082,0.025,8.041834e+09,3.268257e+00,8.768309e-07
4096,4096,8,4,64,4,4,0.079,0.004,6.056190e+10,1.780498e+01,8.742026e-07
4096,4096,8,4,256,4,4,0.079,0.008,3.343777e+10,9.830580e+00,8.742026e-07
4096,4096,8,4,576,4,4,0.079,0.016,1.691733e+10,4.973632e+00,8.742026e-07
4096,4096,8,4,1024,4,4,0.079,0.028,9.705857e+09,2.853486e+00,8.742026e-07
4096,4096,20,4,64,4,4,0.100,0.007,9.438910e+10,1.402159e+01,8.762336e-07
4096,4096,20,4,256,4,4,0.100,0.015,4.600777e+10,6.834498e+00,8.762336e-07
4096,4096,20,4,576,4,4,0.100,0.027,2.514637e+10,3.735517e+00,8.762336e-07
4096,4096,20,4,1024,4,4,0.100,0.048,1.385661e+10,2.058413e+00,8.762336e-07
4096,4096,32,4,64,4,4,0.146,0.009,1.151683e+11,1.565458e+01,8.772438e-07
4096,4096,32,4,256,4,4,0.146,0.020,5.411786e+10,7.356130e+00,8.772438e-07
4096,4096,32,4,576,4,4,0.146,0.039,2.720828e+10,3.698365e+00,8.772438e-07
4096,4096,32,4,1024,4,4,0.146,0.067,1.592389e+10,2.164502e+00,8.772438e-07
8192,8192,3,4,64,4,4,0.289,0.007,5.406468e+10,3.876129e+01,1.234737e-06
8192,8192,3,4,256,4,4,0.289,0.011,3.718969e+10,2.666289e+01,1.234737e-06
8192,8192,3,4,576,4,4,0.289,0.020,2.000268e+10,1.434078e+01,1.234737e-06
8192,8192,3,4,1024,4,4,0.289,0.040,9.997072e+09,7.167331e+00,1.234737e-06
8192,8192,6,4,64,4,4,0.305,0.008,9.594938e+10,3.632427e+01,1.233955e-06
8192,8192,6,4,256,4,4,0.305,0.014,5.759970e+10,2.180595e+01,1.233955e-06
8192,8192,6,4,576,4,4,0.305,0.026,3.137716e+10,1.187869e+01,1.233955e-06
8192,8192,6,4,1024,4,4,0.305,0.051,1.590972e+10,6.023063e+00,1.233955e-06
8192,8192,8,4,64,4,4,0.257,0.008,1.327637e+11,3.173960e+01,1.232944e-06
8192,8192,8,4,256,4,4,0.257,0.015,7.332543e+10,1.752979e+01,1.232944e-06
8192,8192,8,4,576,4,4,0.257,0.029,3.645512e+10,8.715263e+00,1.232944e-06
8192,8192,8,4,1024,4,4,0.257,0.056,1.922140e+10,4.595227e+00,1.232944e-06
8192,8192,20,4,64,4,4,0.429,0.013,2.049616e+11,3.277173e+01,1.234588e-06
8192,8192,20,4,256,4,4,0.429,0.028,9.727782e+10,1.555395e+01,1.234588e-06
8192,8192,20,4,576,4,4,0.429,0.054,4.992856e+10,7.983180e+00,1.234588e-06
8192,8192,20,4,1024,4,4,0.429,0.095,2.819994e+10,4.508946e+00,1.234588e-06
8192,8192,32,4,64,4,4,0.585,0.018,2.410127e+11,3.282697e+01,1.234081e-06
8192,8192,32,4,256,4,4,0.585,0.043,1.004549e+11,1.368240e+01,1.234081e-06
8192,8192,32,4,576,4,4,0.585,0.078,5.528507e+10,7.530067e+00,1.234081e-06
8192,8192,32,4,1024,4,4,0.585,0.135,3.180348e+10,4.331772e+00,1.234081e-06
16384,16384,3,4,64,4,4,1.032,0.015,1.046198e+11,6.703038e+01,1.741546e-06
16384,16384,3,4,256,4,4,1.032,0.020,7.909255e+10,5.067497e+01,1.741546e-06
16384,16384,3,4,576,4,4,1.032,0.042,3.852708e+10,2.468448e+01,1.741546e-06
16384,16384,3,4,1024,4,4,1.032,0.081,1.999450e+10,1.281057e+01,1.741546e-06
16384,16384,6,4,64,4,4,1.220,0.020,1.578245e+11,5.977903e+01,1.741912e-06
16384,16384,6,4,256,4,4,1.220,0.027,1.182417e+11,4.478631e+01,1.741912e-06
16384,16384,6,4,576,4,4,1.220,0.053,6.043209e+10,2.288980e+01,1.741912e-06
16384,16384,6,4,1024,4,4,1.220,0.101,3.202823e+10,1.213130e+01,1.741912e-06
16384,16384,8,4,64,4,4,1.088,0.021,2.075362e+11,5.259423e+01,1.739362e-06
16384,16384,8,4,256,4,4,1.088,0.028,1.526692e+11,3.868973e+01,1.739362e-06
16384,16384,8,4,576,4,4,1.088,0.060,7.190698e+10,1.822281e+01,1.739362e-06
16384,16384,8,4,1024,4,4,1.088,0.113,3.794363e+10,9.615750e+00,1.739362e-06
16384,16384,20,4,64,4,4,1.705,0.043,2.491432e+11,3.956774e+01,1.741687e-06
16384,16384,20,4,256,4,4,1.705,0.057,1.887617e+11,2.997824e+01,1.741687e-06
16384,16384,20,4,576,4,4,1.705,0.109,9.851653e+10,1.564593e+01,1.741687e-06
16384,16384,20,4,1024,4,4,1.705,0.192,5.583118e+10,8.866845e+00,1.741687e-06
16384,16384,32,4,64,4,4,2.274,0.081,2.127405e+11,2.816389e+01,1.739917e-06
16384,16384,32,4,256,4,4,2.274,0.085,2.019798e+11,2.673932e+01,1.739917e-06
16384,16384,32,4,576,4,4,2.274,0.155,1.107370e+11,1.466004e+01,1.739917e-06
16384,16384,32,4,1024,4,4,2.274,0.273,6.284095e+10,8.319270e+00,1.739917e-06
